,toll_both,vehicle_no,loading_out_time,distance_travelled,time_of_travel,day_of_travel,month_of_travel,days_from_now,time_taken
0,Aganampudi,JH01AE6027,0,624.41,22,2,11,40,117.954722222
1,Aganampudi,TN36Y9906,23,627.52,1,1,11,40,50.2258333333
2,Attibele (BETL),BR02GA3943,0,1610.77,21,5,12,14,93.5397222222
3,Attibele (BETL),OD07M1151,4,1641.28,23,4,12,15,90.6955555556
4,Attibele (BETL),OR04M5329,3,1620.49,23,2,11,19,91.7338888889
5,Attibele (BETL),OR07V0091,3,1611.3,22,2,11,19,91.6811111111
6,Attibele (BETL),OR07W2988,22,1615.1,0,2,11,19,121.713055556
7,Attibele (BETL),OR11J1747,23,1625.3,22,1,11,20,191.201388889
8,Attibele (BETL),WB23B7298,14,1509.52,1,4,12,16,106.604444444
9,Bellupada,AP04TX2171,19,376.19,3,5,11,22,31.9722222222
10,Bellupada,AP05TF2187,23,375.88,23,5,11,42,23.9369444444
11,Bellupada,AP07TU2566,14,374.88,3,3,11,25,108.903611111
12,Bellupada,BR02GA3943,0,375.83,5,5,12,14,53.285
13,Bellupada,CG04DK4870,4,374.49,4,5,11,29,96.1152777778
14,Bellupada,CG04FB5095,4,375.67,7,4,12,16,74.7752777778
15,Bellupada,CG08L3445,4,375.35,16,6,11,21,36.5147222222
16,Bellupada,JH01AE6027,0,374.07,6,2,11,40,102.600277778
17,Bellupada,JH01AE6027,1,309.55,6,4,12,16,52.9597222222
18,Bellupada,JH02M1289,23,374.88,21,5,12,16,70.1655555556
19,Bellupada,JH05AE4540,22,340.9,6,0,11,20,55.4261111111
20,Bellupada,JH05BQ1509,22,317.47,1,3,11,32,74.6402777778
21,Bellupada,JH05V5242,2,374.92,5,5,11,42,27.2133333333
22,Bellupada,JH10BR9134,2,281.54,7,2,11,32,28.8988888889
23,Bellupada,NL01N5129,1,374.83,2,4,11,38,73.0061111111
24,Bellupada,OD04D0605,23,375.27,1,0,11,27,73.1936111111
25,Bellupada,OD04D5891,4,375.65,17,4,11,23,85.1911111111
26,Bellupada,OD04F2036,0,375.33,9,5,11,29,56.9483333333
27,Bellupada,OR01S7415,23,377.35,13,3,11,25,61.9438888889
28,Bellupada,OR04M5329,8,375.6,8,1,11,39,71.9286111111
29,Bellupada,OR04M5329,3,375.78,9,2,11,19,30.1102777778
30,Bellupada,OR04M6922,4,374.29,4,6,12,14,48.12
31,Bellupada,OR05AJ4215,1,375.37,10,5,11,28,56.5627777778
32,Bellupada,OR05AJ8915,2,375.22,4,6,11,21,74.3044444444
33,Bellupada,OR07V2855,16,374.45,17,0,11,21,97.7883333333
34,Bellupada,OR07W2988,23,359.42,2,2,11,39,51.8597222222
35,Bellupada,OR07W2988,22,374.83,12,2,11,19,37.8686111111
36,Bellupada,OR07Y7231,23,379.11,20,3,11,26,44.3330555556
37,Bellupada,OR07Y9451,3,84.99,4,1,11,40,73.6569444444
38,Bellupada,OR07Y9451,3,376.67,18,6,11,21,62.0677777778
39,Bellupada,OR11J1747,23,376.37,18,1,11,20,115.501111111
40,Bellupada,TN30BC5699,14,376.16,4,5,11,41,38.0316666667
41,Bellupada,WB23B7298,14,376.77,8,4,12,16,41.1886111111
42,Bellupada,WB23C9411,23,374.7,19,0,11,39,44.2627777778
43,Bolapalli,AP05TF2187,23,1023.07,19,5,11,42,92.1330555556
44,Bolapalli,AP07TU1409,3,1048.63,8,4,11,23,101.803333333
45,Bolapalli,AP26TB0388,1,1051.37,2,5,11,40,289.071944444
46,Bolapalli,BR02GA3943,0,1039.51,2,5,12,14,73.83
47,Bolapalli,CG04DK4870,4,1046.79,7,5,11,29,123.416388889
48,Bolapalli,CG04FB5095,4,1047.15,3,4,12,16,118.463333333
49,Bolapalli,CG08L3445,4,1050.12,23,6,11,21,67.8205555556
50,Bolapalli,JH01AE6027,0,1052.86,1,2,11,40,145.705555556
51,Bolapalli,JH02M1289,23,1044.52,6,5,12,16,126.976388889
52,Bolapalli,JH05AC8204,2,955.26,9,1,11,39,79.5152777778
53,Bolapalli,JH05AE4540,22,1013.06,17,0,11,20,90.7802777778
54,Bolapalli,JH05BQ1509,22,991.01,0,3,11,32,97.8677777778
55,Bolapalli,JH05V5242,2,1045.54,17,5,11,42,62.9297222222
56,Bolapalli,JH10BR9134,2,991.57,16,2,11,32,61.5527777778
57,Bolapalli,NL01N5129,1,1042.33,15,4,11,38,109.71
58,Bolapalli,OD04D0605,23,1050.24,16,0,11,27,112.568333333
59,Bolapalli,OD04D5891,4,1048.21,19,4,11,23,111.742777778
60,Bolapalli,OD04F1729,22,837.86,4,6,11,20,77.8280555556
61,Bolapalli,OD04F2036,0,1050.23,15,5,11,29,86.8002777778
62,Bolapalli,OD04G4791,10,1048.17,20,5,11,42,82.2055555556
63,Bolapalli,OD04G4791,15,1050.53,19,6,11,21,100.239444444
64,Bolapalli,OD04H5921,10,1048.09,19,5,11,22,104.534722222
65,Bolapalli,OD07M1151,4,1064.0,16,4,12,15,59.9133333333
66,Bolapalli,OR01S7415,23,1065.71,18,3,11,25,90.7225
67,Bolapalli,OR04M5329,8,1036.63,15,1,11,39,102.793611111
68,Bolapalli,OR04M5329,3,1050.78,17,2,11,19,62.3183333333
69,Bolapalli,OR04M6922,4,1047.13,0,6,12,14,68.2055555556
70,Bolapalli,OR05AJ1525,10,1044.65,17,5,12,15,126.854166667
71,Bolapalli,OR05AJ4215,1,1045.98,15,5,11,28,85.6586111111
72,Bolapalli,OR05AJ8915,2,1050.26,6,6,11,21,100.111666667
73,Bolapalli,OR05U6821,3,1044.06,23,5,11,29,92.4508333333
74,Bolapalli,OR07J9793,10,1042.92,10,3,11,32,95.5997222222
75,Bolapalli,OR07V0091,3,1043.76,1,2,11,19,70.0144444444
76,Bolapalli,OR07V2855,16,1046.12,17,0,11,21,144.962222222
77,Bolapalli,OR07V5231,0,182.74,3,3,11,18,147.043611111
78,Bolapalli,OR07W2988,23,941.91,2,2,11,39,75.1105555556
79,Bolapalli,OR07W2988,22,1046.67,1,2,11,19,74.2583333333
80,Bolapalli,OR07Y7231,23,1056.68,14,3,11,26,86.1166666667
81,Bolapalli,OR07Y9451,3,1042.54,3,6,11,21,95.2947222222
82,Bolapalli,OR11J1747,23,1054.34,9,1,11,20,154.418055556
83,Bolapalli,TN30BC5699,14,1051.21,1,5,11,41,58.6147222222
84,Bolapalli,TN36Y9906,23,1059.03,11,1,11,40,84.0691666667
85,Bolapalli,WB23B7298,14,971.51,19,4,12,16,76.7427777778
86,Bolapalli,WB23C9411,23,1049.45,21,0,11,39,94.4869444444
87,Budanam,AP05TF2187,23,1246.48,1,5,11,42,98.6730555556
88,Budanam,AP07TU1409,3,1272.25,16,4,11,23,109.139166667
89,Budanam,AP26TB0388,1,1272.38,12,5,11,40,298.331111111
90,Budanam,BR02GA3943,0,1263.91,8,5,12,14,79.8505555556
91,Budanam,CG04DK4870,4,1270.9,20,5,11,29,136.205833333
92,Budanam,CG04FB5095,4,1265.67,18,4,12,16,133.793055556
93,Budanam,CG08L3445,4,1274.01,6,6,11,21,74.0122222222
94,Budanam,JH01AE6027,0,1276.39,12,2,11,40,156.067777778
95,Budanam,JH02M1289,23,1268.0,12,5,12,16,132.891111111
96,Budanam,JH05AC8204,2,1179.61,17,1,11,39,87.4702777778
97,Budanam,JH05AE4540,22,1237.36,5,0,11,20,102.6075
98,Budanam,JH05BQ1509,22,1214.67,10,3,11,32,107.845
99,Budanam,JH05V5242,2,1269.87,6,5,11,42,76.0566666667
100,Budanam,JH10BR9134,2,1214.83,23,2,11,32,68.4394444444
101,Budanam,NL01N5129,1,1263.61,6,4,11,38,124.876944444
102,Budanam,OD04D0605,23,1274.94,7,0,11,27,127.189444444
103,Budanam,OD04D5891,4,1272.54,8,4,11,23,124.570277778
104,Budanam,OD04F2036,0,1274.47,10,5,11,29,106.1375
105,Budanam,OD04G4791,10,1270.1,8,5,11,42,94.3777777778
106,Budanam,OD04G4791,15,1274.95,8,6,11,21,113.076944444
107,Budanam,OD04H5921,10,1271.91,8,5,11,22,117.338333333
108,Budanam,OD07M1151,4,1290.26,23,4,12,15,66.9675
109,Budanam,OR01S7415,23,1292.76,9,3,11,25,106.454444444
110,Budanam,OR04M5329,8,1255.0,6,1,11,39,117.354444444
111,Budanam,OR04M5329,3,1274.8,7,2,11,19,75.5211111111
112,Budanam,OR04M6922,4,1270.75,6,6,12,14,73.6808333333
113,Budanam,OR05AJ1525,10,1266.46,5,5,12,15,139.082777778
114,Budanam,OR05AJ4215,1,1269.04,22,5,11,28,93.1294444444
115,Budanam,OR05AJ8915,2,1274.39,12,6,11,21,106.804166667
116,Budanam,OR05U6821,3,1265.51,13,5,11,29,106.076388889
117,Budanam,OR07J9793,10,1261.75,19,3,11,32,104.254166667
118,Budanam,OR07V0091,3,1266.59,8,2,11,19,77.6877777778
119,Budanam,OR07V2855,16,1268.0,8,0,11,21,160.133055556
120,Budanam,OR07V5231,0,277.48,18,3,11,18,162.369722222
121,Budanam,OR07W2988,23,1158.28,10,2,11,39,82.9847222222
122,Budanam,OR07W2988,22,1270.29,17,2,11,19,90.9319444444
123,Budanam,OR07Y7231,23,1280.9,5,3,11,26,101.391111111
124,Budanam,OR07Y9451,3,1263.3,15,6,11,21,107.168888889
125,Budanam,OR11J1747,23,1278.47,19,1,11,20,164.408055556
126,Budanam,TN30BC5699,14,1275.53,7,5,11,41,64.3658333333
127,Budanam,TN36Y9906,23,1264.88,22,1,11,40,95.1258333333
128,Budanam,WB23B7298,14,1196.3,10,4,12,16,91.3513888889
129,Budanam,WB23C9411,23,1272.9,7,0,11,39,224.689166667
130,Chilakapalem,AP04TX2171,19,519.32,7,5,11,22,36.345
131,Chilakapalem,AP05TF2187,23,503.35,2,5,11,42,27.1222222222
132,Chilakapalem,AP07TU1409,3,517.44,19,4,11,23,64.2963888889
133,Chilakapalem,AP07TU2566,14,517.1,7,3,11,25,113.013333333
134,Chilakapalem,BR02GA3943,0,518.44,9,5,12,14,57.0077777778
135,Chilakapalem,CG04DK4870,4,517.78,8,5,11,29,100.140277778
136,Chilakapalem,CG04FB5095,4,518.5,19,4,12,16,87.0969444444
137,Chilakapalem,CG08L3445,4,518.1,20,6,11,21,40.6536111111
138,Chilakapalem,JH01AE6027,0,515.7,14,2,11,40,109.882777778
139,Chilakapalem,JH02M1289,23,517.49,12,5,12,16,85.2527777778
140,Chilakapalem,JH05AC8204,2,423.65,8,1,11,39,54.5694444444
141,Chilakapalem,JH05AE4540,22,483.31,15,0,11,20,64.7172222222
142,Chilakapalem,JH05BQ1509,22,459.85,6,3,11,32,79.9161111111
143,Chilakapalem,JH05V5242,2,515.58,18,5,11,42,39.5816666667
144,Chilakapalem,JH10BR9134,2,424.25,15,2,11,32,36.6577777778
145,Chilakapalem,NL01N5129,1,517.44,9,4,11,38,80.3277777778
146,Chilakapalem,OD04D0605,23,518.84,10,0,11,27,82.4463888889
147,Chilakapalem,OD04D5891,4,517.98,22,4,11,23,90.2725
148,Chilakapalem,OD04F1729,22,503.53,11,6,11,20,60.2408333333
149,Chilakapalem,OD04F2036,0,518.05,15,5,11,29,63.5902777778
150,Chilakapalem,OD04G4791,10,516.77,22,5,11,42,59.5825
151,Chilakapalem,OD04G4791,15,517.44,16,6,11,21,73.0997222222
152,Chilakapalem,OD04H5921,10,517.03,16,5,11,22,77.4058333333
153,Chilakapalem,OD07M1151,4,525.64,17,4,12,15,36.845
154,Chilakapalem,OR01S7415,23,520.71,18,3,11,25,66.8766666667
155,Chilakapalem,OR04M5329,8,515.44,14,1,11,39,77.9344444444
156,Chilakapalem,OR04M5329,3,518.41,15,2,11,19,35.6369444444
157,Chilakapalem,OR04M6922,4,517.04,8,6,12,14,52.0455555556
158,Chilakapalem,OR05AJ1525,10,517.33,15,5,12,15,100.797222222
159,Chilakapalem,OR05AJ4215,1,517.39,14,5,11,28,60.5655555556
160,Chilakapalem,OR05AJ8915,2,517.45,11,6,11,21,81.4802777778
161,Chilakapalem,OR05U6821,3,517.71,18,5,11,29,63.6875
162,Chilakapalem,OR07J9793,10,516.73,11,3,11,32,72.9811111111
163,Chilakapalem,OR07V0091,3,516.19,6,2,11,19,50.9780555556
164,Chilakapalem,OR07V2855,16,517.59,9,0,11,21,113.665833333
165,Chilakapalem,OR07W2988,23,505.19,7,2,11,39,56.1891666667
166,Chilakapalem,OR07W2988,22,516.97,18,2,11,19,43.3908333333
167,Chilakapalem,OR07Y7231,23,522.41,9,3,11,26,57.9472222222
168,Chilakapalem,OR07Y9451,3,517.04,21,6,11,21,65.3875
169,Chilakapalem,OR11J1747,23,518.9,21,1,11,20,118.896666667
170,Chilakapalem,TN30BC5699,14,518.79,9,5,11,41,42.2088888889
171,Chilakapalem,TN36Y9906,23,517.04,22,1,11,40,47.4047222222
172,Chilakapalem,WB23B7298,14,519.37,13,4,12,16,46.6647222222
173,Chilakapalem,WB23C9411,23,517.1,5,0,11,39,54.5713888889
174,Eethakota,JH10BR9134,2,739.47,3,2,11,32,48.9630555556
175,Gaddurur,AP07TU1409,3,1489.59,8,4,11,23,125.748055556
176,Gaddurur,AP26TB0388,1,1489.37,20,5,11,40,306.461388889
177,Gaddurur,BR02GA3943,0,1482.44,16,5,12,14,87.7797222222
178,Gaddurur,CG04DK4870,4,1486.05,3,5,11,29,142.9125
179,Gaddurur,CG04FB5095,4,1483.27,15,4,12,16,155.133333333
180,Gaddurur,CG08L3445,4,1491.8,21,6,11,21,89.3658333333
181,Gaddurur,JH01AE6027,0,1491.64,21,2,11,40,165.316388889
182,Gaddurur,JH02M1289,23,1483.33,22,5,12,16,142.973888889
183,Gaddurur,JH05AC8204,2,1397.4,8,1,11,39,102.283888889
184,Gaddurur,JH05AE4540,22,1455.24,14,0,11,20,112.162222222
185,Gaddurur,JH05V5242,2,1487.19,17,5,11,42,87.1188888889
186,Gaddurur,NL01N5129,1,1480.62,14,4,11,38,133.273055556
187,Gaddurur,OD04D0605,23,1493.64,16,0,11,27,137.035277778
188,Gaddurur,OD04D5891,4,1489.28,18,4,11,23,134.004722222
189,Gaddurur,OD04F2036,0,1492.45,19,5,11,29,115.345555556
190,Gaddurur,OD04G4791,10,1487.24,16,5,11,42,101.886666667
191,Gaddurur,OD04G4791,15,1492.91,17,6,11,21,122.2775
192,Gaddurur,OD04H5921,10,1489.01,17,5,11,22,126.586944444
193,Gaddurur,OD07M1151,4,1508.2,15,4,12,15,82.8116666667
194,Gaddurur,OR01S7415,23,1517.79,18,3,11,25,115.14
195,Gaddurur,OR04M5329,8,1468.76,15,1,11,39,126.166944444
196,Gaddurur,OR04M5329,3,1492.71,16,2,11,19,84.8230555556
197,Gaddurur,OR05AJ1525,10,1482.52,16,5,12,15,149.760555556
198,Gaddurur,OR05AJ4215,1,1485.36,13,5,11,28,107.831111111
199,Gaddurur,OR05AJ8915,2,1493.37,21,6,11,21,115.578055556
200,Gaddurur,OR05U6821,3,1480.99,21,5,11,29,114.885
201,Gaddurur,OR07V0091,3,1482.32,16,2,11,19,85.0497222222
202,Gaddurur,OR07V2855,16,1483.72,16,0,11,21,167.881944444
203,Gaddurur,OR07V5231,0,361.19,16,3,11,18,184.311666667
204,Gaddurur,OR07W2988,22,1487.04,12,2,11,19,109.203055556
205,Gaddurur,OR07Y7231,23,1499.07,15,3,11,26,111.1975
206,Gaddurur,OR07Y9451,3,1477.81,8,6,11,21,124.069166667
207,Gaddurur,OR11J1747,23,1495.68,10,1,11,20,179.472777778
208,Gaddurur,WB23B7298,14,1412.91,17,4,12,16,98.3672222222
209,Gaddurur,WB23C9411,23,1490.36,19,0,11,39,236.088888889
210,Gudipada (Old Gangapada),AP04TX2171,19,203.44,22,5,11,22,26.7322222222
211,Gudipada (Old Gangapada),AP05TF2187,23,203.78,18,5,11,42,19.7158333333
212,Gudipada (Old Gangapada),AP07TU1409,3,203.7,23,4,11,23,43.9341666667
213,Gudipada (Old Gangapada),AP07TU2566,14,203.36,22,3,11,25,103.697222222
214,Gudipada (Old Gangapada),AP26TB0388,1,203.28,6,5,11,40,28.6819444444
215,Gudipada (Old Gangapada),BR02GA3943,0,203.88,0,5,12,14,47.7555555556
216,Gudipada (Old Gangapada),CG04DK4870,4,203.28,22,5,11,29,90.4444444444
217,Gudipada (Old Gangapada),CG04FB5095,4,203.43,2,4,12,16,69.8211111111
218,Gudipada (Old Gangapada),CG08L3445,4,203.53,11,6,11,21,31.4658333333
219,Gudipada (Old Gangapada),JH01AE6027,0,202.3,22,2,11,40,94.5038888889
220,Gudipada (Old Gangapada),JH02M1289,23,203.27,15,5,12,16,64.5797222222
221,Gudipada (Old Gangapada),JH05AC8204,2,110.27,13,1,11,39,35.1986111111
222,Gudipada (Old Gangapada),JH05AE4540,22,174.77,0,0,11,20,49.5391666667
223,Gudipada (Old Gangapada),JH05BQ1509,22,145.44,19,3,11,32,68.655
224,Gudipada (Old Gangapada),JH05V5242,2,202.57,1,5,11,42,22.9386111111
225,Gudipada (Old Gangapada),JH10BR9134,2,109.61,2,2,11,32,23.9119444444
226,Gudipada (Old Gangapada),NL01N5129,1,203.39,21,4,11,38,67.6408333333
227,Gudipada (Old Gangapada),OD04D0605,23,203.14,5,0,11,27,53.9333333333
228,Gudipada (Old Gangapada),OD04D5891,4,203.35,0,4,11,23,68.8575
229,Gudipada (Old Gangapada),OD04F1729,22,200.47,0,6,11,20,49.9322222222
230,Gudipada (Old Gangapada),OD04F2036,0,202.59,21,5,11,29,44.9269444444
231,Gudipada (Old Gangapada),OD04G4791,10,203.48,10,5,11,42,47.8591666667
232,Gudipada (Old Gangapada),OD04G4791,15,203.44,0,6,11,21,57.2702777778
233,Gudipada (Old Gangapada),OD04H5921,10,203.43,0,5,11,22,61.4691666667
234,Gudipada (Old Gangapada),OD07M1151,4,205.36,4,4,12,15,23.6386111111
235,Gudipada (Old Gangapada),OR01S7415,23,204.06,6,3,11,25,55.2472222222
236,Gudipada (Old Gangapada),OR04M5329,8,203.32,1,1,11,39,65.0852777778
237,Gudipada (Old Gangapada),OR04M5329,3,203.53,4,2,11,19,25.3819444444
238,Gudipada (Old Gangapada),OR04M6922,4,203.46,0,6,12,14,43.9861111111
239,Gudipada (Old Gangapada),OR05AJ1525,10,203.81,0,5,12,15,86.0388888889
240,Gudipada (Old Gangapada),OR05AJ4215,1,203.28,0,5,11,28,46.3875
241,Gudipada (Old Gangapada),OR05AJ8915,2,203.24,22,6,11,21,68.4133333333
242,Gudipada (Old Gangapada),OR05U6821,3,204.73,21,5,11,29,42.4969444444
243,Gudipada (Old Gangapada),OR07J9793,10,203.84,23,3,11,32,60.5716666667
244,Gudipada (Old Gangapada),OR07V0091,3,202.91,21,2,11,19,42.3983333333
245,Gudipada (Old Gangapada),OR07V2855,16,203.19,10,0,11,21,90.0355555556
246,Gudipada (Old Gangapada),OR07W2988,23,184.61,20,2,11,39,45.605
247,Gudipada (Old Gangapada),OR07W2988,22,203.15,5,2,11,19,30.9238888889
248,Gudipada (Old Gangapada),OR07Y7231,23,203.02,3,3,11,26,27.5325
249,Gudipada (Old Gangapada),OR07Y9451,3,203.32,12,6,11,21,32.7066666667
250,Gudipada (Old Gangapada),OR11J1747,23,203.95,6,1,11,20,103.086944444
251,Gudipada (Old Gangapada),TN30BC5699,14,203.61,23,5,11,41,32.1655555556
252,Gudipada (Old Gangapada),TN36Y9906,23,203.17,2,1,11,40,27.0477777778
253,Gudipada (Old Gangapada),WB23B7298,14,204.43,2,4,12,16,35.6458333333
254,Gudipada (Old Gangapada),WB23C9411,23,202.93,5,0,11,39,29.9913888889
255,Gurapalli,AP04TX2171,19,292.16,1,5,11,22,29.9352777778
256,Gurapalli,AP05TF2187,23,291.3,21,5,11,42,22.0186111111
257,Gurapalli,AP07TU1409,3,291.88,1,4,11,23,46.0066666667
258,Gurapalli,AP07TU2566,14,291.33,1,3,11,25,106.769722222
259,Gurapalli,AP26TB0388,1,291.19,9,5,11,40,31.1186111111
260,Gurapalli,BR02GA3943,0,291.49,2,5,12,14,50.1588888889
261,Gurapalli,CG04DK4870,4,290.64,1,5,11,29,93.3402777778
262,Gurapalli,CG04FB5095,4,291.55,4,4,12,16,71.7741666667
263,Gurapalli,CG08L3445,4,291.23,13,6,11,21,33.8913888889
264,Gurapalli,JH01AE6027,1,225.12,3,4,12,16,49.6866666667
265,Gurapalli,JH02M1289,23,291.27,18,5,12,16,67.2152777778
266,Gurapalli,JH05AC8204,2,199.16,16,1,11,39,38.0708333333
267,Gurapalli,JH05AE4540,22,257.19,2,0,11,20,52.1694444444
268,Gurapalli,JH05BQ1509,22,233.11,22,3,11,32,71.2083333333
269,Gurapalli,JH05V5242,2,290.66,3,5,11,42,24.9255555556
270,Gurapalli,JH10BR9134,2,197.74,4,2,11,32,26.0486111111
271,Gurapalli,NL01N5129,1,290.98,23,4,11,38,70.1108333333
272,Gurapalli,OD04D0605,23,291.69,12,0,11,27,60.6088888889
273,Gurapalli,OD04D5891,4,291.56,3,4,11,23,71.0436111111
274,Gurapalli,OD04F1729,22,288.17,3,6,11,20,52.4219444444
275,Gurapalli,OD04F2036,0,291.11,23,5,11,29,46.9636111111
276,Gurapalli,OD04G4791,10,291.35,12,5,11,42,50.0786111111
277,Gurapalli,OD04G4791,15,291.23,7,6,11,21,64.1458333333
278,Gurapalli,OD04H5921,10,291.43,3,5,11,22,64.7891666667
279,Gurapalli,OD07M1151,4,298.12,7,4,12,15,26.5933333333
280,Gurapalli,OR01S7415,23,292.31,9,3,11,25,58.0636111111
281,Gurapalli,OR04M5329,8,291.19,6,1,11,39,69.2202777778
282,Gurapalli,OR04M5329,3,291.73,6,2,11,19,27.3180555556
283,Gurapalli,OR04M6922,4,290.53,2,6,12,14,45.8480555556
284,Gurapalli,OR05AJ1525,10,291.66,2,5,12,15,88.5941666667
285,Gurapalli,OR05AJ4215,1,291.14,6,5,11,28,52.9994444444
286,Gurapalli,OR05AJ8915,2,291.35,0,6,11,21,70.7497222222
287,Gurapalli,OR05U6821,3,293.04,0,5,11,29,45.0091666667
288,Gurapalli,OR07J9793,10,292.95,2,3,11,32,63.4930555556
289,Gurapalli,OR07V0091,3,290.85,0,2,11,19,44.9702777778
290,Gurapalli,OR07V2855,16,290.96,12,0,11,21,91.9947222222
291,Gurapalli,OR07W2988,23,273.96,23,2,11,39,48.1744444444
292,Gurapalli,OR07W2988,22,291.47,8,2,11,19,33.0427777778
293,Gurapalli,OR07Y7231,23,291.81,9,3,11,26,33.1244444444
294,Gurapalli,OR07Y9451,3,50.73,2,1,11,40,70.9255555556
295,Gurapalli,OR07Y9451,3,290.88,15,6,11,21,35.5430555556
296,Gurapalli,OR11J1747,23,292.36,8,1,11,20,105.64
297,Gurapalli,TN30BC5699,14,291.29,1,5,11,41,34.9352777778
298,Gurapalli,TN36Y9906,23,290.78,8,1,11,40,33.1055555556
299,Gurapalli,WB23B7298,14,292.34,5,4,12,16,38.2652777778
300,Gurapalli,WB23C9411,23,291.05,12,0,11,39,37.7030555556
301,Hasanpur (Sainkul),JH05BQ1509,22,0.0,12,3,11,32,61.8572222222
302,Hoskote,BR02GA3943,0,1574.09,18,5,12,14,90.1661111111
303,Hoskote,CG04DK4870,4,1578.05,5,5,11,29,144.914166667
304,Hoskote,JH01AE6027,0,1584.41,0,2,11,40,168.228055556
305,Hoskote,JH02M1289,23,1574.79,1,5,12,16,146.097222222
306,Hoskote,JH05AE4540,22,1546.99,17,0,11,20,114.96
307,Hoskote,NL01N5129,1,1571.04,19,4,11,38,137.944722222
308,Hoskote,OD04F2036,0,1582.97,22,5,11,29,118.489444444
309,Hoskote,OD04G4791,15,1584.11,20,6,11,21,125.666388889
310,Hoskote,OD07M1151,4,1600.56,18,4,12,15,85.6663888889
311,Hoskote,OR04M5329,8,1559.1,17,1,11,39,128.515833333
312,Hoskote,OR04M5329,3,1584.69,21,2,11,19,90.0108333333
313,Hoskote,OR05AJ4215,1,1576.51,15,5,11,28,110.215833333
314,Hoskote,OR05AJ8915,2,1584.85,0,6,11,21,118.666944444
315,Hoskote,OR05U6821,3,1569.8,0,5,11,29,117.335555556
316,Hoskote,OR07V0091,3,1575.17,21,2,11,19,90.2116666667
317,Hoskote,OR07W2988,22,1578.99,15,2,11,19,112.044166667
318,Hoskote,OR11J1747,23,1588.94,15,1,11,20,184.901666667
319,Hoskote,WB23B7298,14,1474.41,0,4,12,16,105.486111111
320,Kalaparru,AP04TX2171,19,902.44,0,5,11,22,53.0058333333
321,Kalaparru,AP05TF2187,23,873.55,14,5,11,42,87.66
322,Kalaparru,AP07TB1989,23,216.34,0,3,11,25,72.4486111111
323,Kalaparru,AP07TU1409,3,899.14,19,4,11,23,88.2397222222
324,Kalaparru,AP07TU2566,14,899.56,0,3,11,25,129.815555556
325,Kalaparru,AP26TB0388,1,902.15,20,5,11,40,282.728888889
326,Kalaparru,BR02GA3943,0,890.55,22,5,12,14,69.8905555556
327,Kalaparru,CG04DK4870,4,897.22,3,5,11,29,119.610555556
328,Kalaparru,CG04FB5095,4,898.16,23,4,12,16,114.440555556
329,Kalaparru,CG08L3445,4,900.31,17,6,11,21,61.8277777778
330,Kalaparru,JH01AE6027,1,454.11,1,4,12,16,71.6133333333
331,Kalaparru,JH02M1289,23,897.69,20,5,12,16,117.048055556
332,Kalaparru,JH05AC8204,2,805.92,22,1,11,39,68.6980555556
333,Kalaparru,JH05AE4540,22,863.81,12,0,11,20,86.0894444444
334,Kalaparru,JH05BQ1509,22,841.17,19,3,11,32,92.9944444444
335,Kalaparru,JH05V5242,2,896.31,12,5,11,42,57.8863888889
336,Kalaparru,JH10BR9134,2,842.72,10,2,11,32,55.5277777778
337,Kalaparru,NL01N5129,1,893.88,10,4,11,38,104.729166667
338,Kalaparru,OD04D0605,23,901.29,9,0,11,27,105.551666667
339,Kalaparru,OD04D5891,4,898.93,15,4,11,23,107.043333333
340,Kalaparru,OD04F2036,0,901.09,11,5,11,29,82.6613888889
341,Kalaparru,OD04G4791,15,900.82,14,6,11,21,95.3963888889
342,Kalaparru,OD04H5921,10,899.08,14,5,11,22,99.7255555556
343,Kalaparru,OD07M1151,4,918.14,12,4,12,15,55.1588888889
344,Kalaparru,OR01S7415,23,913.49,12,3,11,25,85.3302777778
345,Kalaparru,OR04M5329,8,888.86,4,1,11,39,91.1791666667
346,Kalaparru,OR04M5329,3,901.74,12,2,11,19,57.0119444444
347,Kalaparru,OR04M6922,4,897.9,20,6,12,14,63.8002777778
348,Kalaparru,OR05AJ1525,10,895.08,12,5,12,15,121.7675
349,Kalaparru,OR05AJ4215,1,896.99,11,5,11,28,81.4208333333
350,Kalaparru,OR05AJ8915,2,900.27,1,6,11,21,95.4513888889
351,Kalaparru,OR05U6821,3,894.88,17,5,11,29,86.2769444444
352,Kalaparru,OR07J9793,10,895.47,6,3,11,32,91.2444444444
353,Kalaparru,OR07V0091,3,894.93,21,2,11,19,66.0719444444
354,Kalaparru,OR07V2855,16,896.81,12,0,11,21,139.955277778
355,Kalaparru,OR07V5231,0,148.34,23,3,11,18,143.041388889
356,Kalaparru,OR07W2988,23,785.53,21,2,11,39,70.7866666667
357,Kalaparru,OR07W2988,22,897.51,21,2,11,19,70.4191666667
358,Kalaparru,OR07Y7231,23,906.67,5,3,11,26,77.7322222222
359,Kalaparru,OR07Y9451,3,893.2,23,6,11,21,91.8427777778
360,Kalaparru,OR11J1747,23,900.98,21,1,11,20,142.965
361,Kalaparru,TN30BC5699,14,902.58,20,5,11,41,53.7388888889
362,Kalaparru,TN36Y9906,23,909.58,2,1,11,40,74.8561111111
363,Kalaparru,WB23B7298,14,822.74,14,4,12,16,71.8263888889
364,Kalaparru,WB23C9411,23,900.61,13,0,11,39,86.0511111111
365,Kaza,AP05TF2187,23,940.77,16,5,11,42,89.7341666667
366,Kaza,AP07TU1409,3,966.32,21,4,11,23,90.6986111111
367,Kaza,BR02GA3943,0,957.21,23,5,12,14,71.4269444444
368,Kaza,CG04DK4870,4,964.09,5,5,11,29,121.48
369,Kaza,CG04FB5095,4,965.03,1,4,12,16,116.260277778
370,Kaza,CG08L3445,4,967.3,21,6,11,21,65.3344444444
371,Kaza,JH01AE6027,0,970.68,23,2,11,40,143.3675
372,Kaza,JH01AE6027,1,521.27,2,4,12,16,73.3661111111
373,Kaza,JH02M1289,23,964.69,22,5,12,16,119.217777778
374,Kaza,JH05AC8204,2,873.16,0,1,11,39,70.2175
375,Kaza,JH05AE4540,22,931.29,15,0,11,20,88.5427777778
376,Kaza,JH05BQ1509,22,908.59,22,3,11,32,95.1475
377,Kaza,JH05V5242,2,963.41,14,5,11,42,59.8066666667
378,Kaza,JH10BR9134,2,909.42,12,2,11,32,57.7419444444
379,Kaza,NL01N5129,1,959.93,12,4,11,38,107.056388889
380,Kaza,OD04D0605,23,968.42,11,0,11,27,107.571111111
381,Kaza,OD04D5891,4,965.83,17,4,11,23,109.14
382,Kaza,OD04F1729,22,764.62,3,6,11,20,76.0244444444
383,Kaza,OD04F2036,0,968.21,13,5,11,29,84.9475
384,Kaza,OD04G4791,10,964.23,17,5,11,42,79.4522222222
385,Kaza,OD04G4791,15,968.08,16,6,11,21,97.2994444444
386,Kaza,OD04H5921,10,965.91,16,5,11,22,101.528611111
387,Kaza,OD07M1151,4,986.47,14,4,12,15,57.3786111111
388,Kaza,OR01S7415,23,982.27,15,3,11,25,87.8333333333
389,Kaza,OR04M5329,3,968.52,14,2,11,19,59.2797222222
390,Kaza,OR04M6922,4,964.88,22,6,12,14,65.7533333333
391,Kaza,OR05AJ1525,10,962.04,15,5,12,15,124.950277778
392,Kaza,OR05AJ4215,1,964.1,13,5,11,28,83.7225
393,Kaza,OR05AJ8915,2,967.6,3,6,11,21,97.6375
394,Kaza,OR05U6821,3,961.58,20,5,11,29,89.3422222222
395,Kaza,OR07J9793,10,961.78,7,3,11,32,92.9852777778
396,Kaza,OR07V0091,3,961.53,23,2,11,19,68.0116666667
397,Kaza,OR07V2855,16,963.9,14,0,11,21,142.142777778
398,Kaza,OR07V5231,0,170.93,1,3,11,18,144.973055556
399,Kaza,OR07W2988,23,857.95,0,2,11,39,73.3336111111
400,Kaza,OR07W2988,22,964.61,23,2,11,19,72.3052777778
401,Kaza,OR07Y7231,23,973.91,7,3,11,26,79.3522222222
402,Kaza,OR07Y9451,3,960.61,1,6,11,21,93.4752777778
403,Kaza,OR11J1747,23,972.06,2,1,11,20,147.058055556
404,Kaza,TN30BC5699,14,969.26,22,5,11,41,55.8083333333
405,Kaza,TN36Y9906,23,976.72,4,1,11,40,77.3611111111
406,Kaza,WB23B7298,14,888.62,16,4,12,16,73.7469444444
407,Kaza,WB23C9411,23,967.57,15,0,11,39,88.0369444444
408,Krishnagiri,JH05BQ1509,22,1523.06,2,3,11,32,123.391944444
409,Krishnagiri,JH10BR9134,2,1523.15,17,2,11,32,86.4825
410,Krishnagiri,OR04M6922,4,1579.2,15,6,12,14,83.6591666667
411,Krishnagiri,OR07J9793,10,1564.23,6,3,11,32,115.332222222
412,Krishnagiri,OR07W2988,23,1482.41,21,2,11,39,94.0594444444
413,Krishnagiri,TN30BC5699,14,1592.48,18,5,11,41,75.3669444444
414,Krishnavaram,AP04TX2171,19,757.42,17,5,11,22,45.8069444444
415,Krishnavaram,AP05TF2187,23,718.24,17,5,11,42,66.0805555556
416,Krishnavaram,AP07TB1989,23,70.03,17,3,11,25,65.3194444444
417,Krishnavaram,AP07TU1409,3,754.65,14,4,11,23,83.6061111111
418,Krishnavaram,AP07TU2566,14,753.97,17,3,11,25,122.699722222
419,Krishnavaram,AP26TB0388,1,753.39,3,5,11,40,49.7977777778
420,Krishnavaram,BR02GA3943,0,757.47,17,5,12,14,65.67
421,Krishnavaram,CG04DK4870,4,753.93,23,5,11,29,115.299722222
422,Krishnavaram,CG04FB5095,4,754.41,16,4,12,16,107.795555556
423,Krishnavaram,CG08L3445,4,756.05,8,6,11,21,52.8286111111
424,Krishnavaram,JH01AE6027,0,761.11,16,2,11,40,136.022777778
425,Krishnavaram,JH02M1289,23,756.56,10,5,12,16,107.348333333
426,Krishnavaram,JH05AC8204,2,661.32,16,1,11,39,62.8472222222
427,Krishnavaram,JH05AE4540,22,720.92,0,0,11,20,73.7641666667
428,Krishnavaram,JH05BQ1509,22,696.82,14,3,11,32,87.6219444444
429,Krishnavaram,JH05V5242,2,752.14,5,5,11,42,50.4658333333
430,Krishnavaram,JH10BR9134,2,659.09,1,2,11,32,46.7944444444
431,Krishnavaram,NL01N5129,1,750.95,2,4,11,38,96.8886111111
432,Krishnavaram,OD04D0605,23,756.33,20,0,11,27,92.16
433,Krishnavaram,OD04D5891,4,754.51,10,4,11,23,102.2375
434,Krishnavaram,OD04F2036,0,755.88,5,5,11,29,76.8844444444
435,Krishnavaram,OD04G4791,10,753.17,11,5,11,42,73.1947222222
436,Krishnavaram,OD04G4791,15,755.72,3,6,11,21,84.8627777778
437,Krishnavaram,OD04H5921,10,754.46,2,5,11,22,87.7525
438,Krishnavaram,OD07M1151,4,764.2,3,4,12,15,46.4302777778
439,Krishnavaram,OR01S7415,23,763.54,8,3,11,25,80.9069444444
440,Krishnavaram,OR04M5329,8,747.75,23,1,11,39,86.6036111111
441,Krishnavaram,OR04M5329,3,756.3,7,2,11,19,52.2797222222
442,Krishnavaram,OR04M6922,4,753.74,16,6,12,14,59.7702777778
443,Krishnavaram,OR05AJ1525,10,752.67,5,5,12,15,115.361111111
444,Krishnavaram,OR05AJ4215,1,753.19,4,5,11,28,75.2972222222
445,Krishnavaram,OR05AJ8915,2,755.73,20,6,11,21,90.1411111111
446,Krishnavaram,OR05U6821,3,752.38,9,5,11,29,78.5552777778
447,Krishnavaram,OR07J9793,10,751.71,2,3,11,32,87.0961111111
448,Krishnavaram,OR07V0091,3,751.32,16,2,11,19,61.0625
449,Krishnavaram,OR07V2855,16,753.22,6,0,11,21,134.256666667
450,Krishnavaram,OR07W2988,22,752.71,16,2,11,19,65.3425
451,Krishnavaram,OR07Y7231,23,761.1,20,3,11,26,68.8830555556
452,Krishnavaram,OR07Y9451,3,187.86,21,1,11,40,89.9291666667
453,Krishnavaram,OR07Y9451,3,750.23,11,6,11,21,80.0294444444
454,Krishnavaram,OR11J1747,23,756.2,14,1,11,20,135.525
455,Krishnavaram,TN30BC5699,14,757.2,16,5,11,41,49.3322222222
456,Krishnavaram,TN36Y9906,23,764.93,14,1,11,40,62.6877777778
457,Krishnavaram,WB23B7298,14,699.15,10,4,12,16,67.2172222222
458,Krishnavaram,WB23C9411,23,755.55,22,0,11,39,71.0619444444
459,Laxmipuram,AP04TX2171,19,559.1,9,5,11,22,37.8675
460,Laxmipuram,AP05TF2187,23,538.49,3,5,11,42,28.0586111111
461,Laxmipuram,AP07TU1409,3,556.81,22,4,11,23,67.5663888889
462,Laxmipuram,AP07TU2566,14,557.21,9,3,11,25,114.712222222
463,Laxmipuram,AP26TB0388,1,556.46,21,5,11,40,43.4333333333
464,Laxmipuram,BR02GA3943,0,558.74,11,5,12,14,58.8108333333
465,Laxmipuram,CG04DK4870,4,556.75,14,5,11,29,106.424166667
466,Laxmipuram,CG04FB5095,4,557.52,20,4,12,16,87.9988888889
467,Laxmipuram,CG08L3445,4,557.7,21,6,11,21,41.9038888889
468,Laxmipuram,JH01AE6027,0,554.42,19,2,11,40,115.549444444
469,Laxmipuram,JH02M1289,23,557.49,14,5,12,16,87.6225
470,Laxmipuram,JH05AC8204,2,463.7,10,1,11,39,56.6222222222
471,Laxmipuram,JH05AE4540,22,523.33,16,0,11,20,65.8233333333
472,Laxmipuram,JH05BQ1509,22,499.0,8,3,11,32,81.0641666667
473,Laxmipuram,JH05V5242,2,555.18,19,5,11,42,40.5641666667
474,Laxmipuram,JH10BR9134,2,463.37,18,2,11,32,39.89
475,Laxmipuram,NL01N5129,1,555.64,11,4,11,38,82.1158333333
476,Laxmipuram,OD04D0605,23,558.63,11,0,11,27,83.3991666667
477,Laxmipuram,OD04D5891,4,557.27,23,4,11,23,91.3363888889
478,Laxmipuram,OD04F1729,22,541.77,12,6,11,20,61.1705555556
479,Laxmipuram,OD04F2036,0,557.99,20,5,11,29,67.8961111111
480,Laxmipuram,OD04G4791,10,556.15,3,5,11,42,64.9425
481,Laxmipuram,OD04G4791,15,557.15,18,6,11,21,75.4313888889
482,Laxmipuram,OD04H5921,10,556.57,18,5,11,22,79.7558333333
483,Laxmipuram,OD07M1151,4,565.63,19,4,12,15,38.3633333333
484,Laxmipuram,OR01S7415,23,560.93,19,3,11,25,67.9794444444
485,Laxmipuram,OR04M5329,8,553.85,16,1,11,39,79.2427777778
486,Laxmipuram,OR04M5329,3,558.2,16,2,11,19,37.2480555556
487,Laxmipuram,OR04M6922,4,556.33,9,6,12,14,52.9166666667
488,Laxmipuram,OR05AJ1525,10,556.02,16,5,12,15,101.771944444
489,Laxmipuram,OR05AJ4215,1,556.44,15,5,11,28,61.6119444444
490,Laxmipuram,OR05AJ8915,2,556.74,12,6,11,21,82.5486111111
491,Laxmipuram,OR05U6821,3,556.67,19,5,11,29,64.7986111111
492,Laxmipuram,OR07J9793,10,555.52,20,3,11,32,81.2283333333
493,Laxmipuram,OR07V0091,3,555.2,7,2,11,19,52.1777777778
494,Laxmipuram,OR07V2855,16,556.32,10,0,11,21,114.813611111
495,Laxmipuram,OR07W2988,23,543.57,8,2,11,39,57.2875
496,Laxmipuram,OR07W2988,22,555.84,7,2,11,19,56.4544444444
497,Laxmipuram,OR07Y7231,23,562.47,12,3,11,26,60.785
498,Laxmipuram,OR07Y9451,3,555.94,4,6,11,21,72.7636111111
499,Laxmipuram,OR11J1747,23,558.73,23,1,11,20,120.105555556
500,Laxmipuram,TN30BC5699,14,558.69,10,5,11,41,43.1922222222
501,Laxmipuram,WB23B7298,14,558.26,17,4,12,16,50.3930555556
502,Laxmipuram,WB23C9411,23,557.17,7,0,11,39,56.0408333333
503,Madapam,AP04TX2171,19,492.18,7,5,11,22,35.745
504,Madapam,AP05TF2187,23,479.05,1,5,11,42,26.5122222222
505,Madapam,AP07TU1409,3,490.6,18,4,11,23,63.4605555556
506,Madapam,AP07TU2566,14,490.29,7,3,11,25,112.326944444
507,Madapam,AP26TB0388,1,490.19,19,5,11,40,41.5961111111
508,Madapam,BR02GA3943,0,491.6,8,5,12,14,56.0547222222
509,Madapam,CG04DK4870,4,490.55,7,5,11,29,99.4236111111
510,Madapam,CG04FB5095,4,491.11,19,4,12,16,86.2469444444
511,Madapam,CG08L3445,4,491.18,19,6,11,21,39.9172222222
512,Madapam,JH01AE6027,0,488.24,13,2,11,40,109.226388889
513,Madapam,JH02M1289,23,490.85,11,5,12,16,84.5322222222
514,Madapam,JH05AC8204,2,396.74,7,1,11,39,53.7361111111
515,Madapam,JH05AE4540,22,456.34,14,0,11,20,63.7477777778
516,Madapam,JH05BQ1509,22,433.21,6,3,11,32,79.1172222222
517,Madapam,JH05V5242,2,488.54,15,5,11,42,36.4861111111
518,Madapam,JH10BR9134,2,396.75,14,2,11,32,35.9525
519,Madapam,NL01N5129,1,490.23,9,4,11,38,79.5727777778
520,Madapam,OD04D0605,23,491.25,9,0,11,27,81.7458333333
521,Madapam,OD04D5891,4,490.86,21,4,11,23,89.5197222222
522,Madapam,OD04F1729,22,476.22,10,6,11,20,59.4383333333
523,Madapam,OD04F2036,0,490.46,15,5,11,29,62.9236111111
524,Madapam,OD04G4791,10,490.31,21,5,11,42,58.9116666667
525,Madapam,OD04G4791,15,490.14,15,6,11,21,72.3636111111
526,Madapam,OD04H5921,10,489.95,15,5,11,22,76.5391666667
527,Madapam,OD07M1151,4,498.34,16,4,12,15,35.6769444444
528,Madapam,OR01S7415,23,493.02,17,3,11,25,66.0766666667
529,Madapam,OR04M5329,8,489.33,14,1,11,39,77.2044444444
530,Madapam,OR04M5329,3,491.05,14,2,11,19,34.8825
531,Madapam,OR04M6922,4,489.58,7,6,12,14,51.3419444444
532,Madapam,OR05AJ1525,10,490.7,14,5,12,15,100.158888889
533,Madapam,OR05AJ4215,1,490.38,13,5,11,28,59.8436111111
534,Madapam,OR05AJ8915,2,490.64,10,6,11,21,80.7772222222
535,Madapam,OR05U6821,3,490.76,15,5,11,29,60.3030555556
536,Madapam,OR07J9793,10,490.77,10,3,11,32,71.9794444444
537,Madapam,OR07V0091,3,489.33,5,2,11,19,50.3280555556
538,Madapam,OR07V2855,16,490.65,9,0,11,21,112.946388889
539,Madapam,OR07W2988,23,478.87,6,2,11,39,55.5422222222
540,Madapam,OR07W2988,22,490.06,17,2,11,19,42.6897222222
541,Madapam,OR07Y7231,23,495.35,9,3,11,26,57.3277777778
542,Madapam,OR07Y9451,3,490.88,20,6,11,21,64.7169444444
543,Madapam,OR11J1747,23,491.59,21,1,11,20,118.126944444
544,Madapam,TN30BC5699,14,492.24,8,5,11,41,41.2180555556
545,Madapam,TN36Y9906,23,489.57,22,1,11,40,46.6525
546,Madapam,WB23B7298,14,492.36,12,4,12,16,45.9236111111
547,Madapam,WB23C9411,23,490.53,4,0,11,39,53.8047222222
548,Main Toll (Gosthani Gate) (Sheela Nagar),JH01AE6027,0,616.09,22,2,11,40,117.721388889
549,Main Toll (Gosthani Gate) (Sheela Nagar),TN36Y9906,23,618.83,1,1,11,40,49.9925
550,Manguli,AP04TX2171,19,147.37,20,5,11,22,25.0791666667
551,Manguli,AP05TF2187,23,147.47,16,5,11,42,16.8102777778
552,Manguli,AP07TU1409,3,147.82,21,4,11,23,41.9980555556
553,Manguli,AP07TU2566,14,147.19,20,3,11,25,102.027777778
554,Manguli,AP26TB0388,1,146.97,4,5,11,40,26.9444444444
555,Manguli,BR02GA3943,0,147.25,22,5,12,14,46.0197222222
556,Manguli,CG04DK4870,4,147.08,21,5,11,29,88.975
557,Manguli,CG04FB5095,4,146.91,0,4,12,16,67.6180555556
558,Manguli,CG08L3445,4,147.58,9,6,11,21,29.7922222222
559,Manguli,JH01AE6027,0,146.47,20,2,11,40,92.3116666667
560,Manguli,JH01AE6027,1,147.26,22,4,12,16,44.8852777778
561,Manguli,JH02M1289,23,147.49,10,5,12,16,59.7211111111
562,Manguli,JH05AC8204,2,54.31,11,1,11,39,33.7294444444
563,Manguli,JH05AE4540,22,133.39,22,0,11,20,47.5261111111
564,Manguli,JH05BQ1509,22,88.77,17,3,11,32,67.0186111111
565,Manguli,JH05V5242,2,146.68,0,5,11,42,21.5355555556
566,Manguli,JH10BR9134,2,53.3,1,2,11,32,22.6591666667
567,Manguli,NL01N5129,1,146.8,19,4,11,38,65.6375
568,Manguli,OD04D0605,23,147.12,4,0,11,27,52.6305555556
569,Manguli,OD04D5891,4,147.0,23,4,11,23,67.4880555556
570,Manguli,OD04F1729,22,145.86,23,6,11,20,48.5308333333
571,Manguli,OD04F2036,0,146.71,18,5,11,29,42.3577777778
572,Manguli,OD04G4791,10,147.34,8,5,11,42,46.3066666667
573,Manguli,OD04G4791,15,147.16,22,6,11,21,55.7008333333
574,Manguli,OD04H5921,10,146.98,22,5,11,22,59.9827777778
575,Manguli,OD07M1151,4,149.02,3,4,12,15,22.235
576,Manguli,OR01S7415,23,147.17,5,3,11,25,53.9063888889
577,Manguli,OR04M5329,8,147.15,0,1,11,39,63.6519444444
578,Manguli,OR04M5329,3,147.47,3,2,11,19,23.7294444444
579,Manguli,OR04M6922,4,146.54,22,6,12,14,42.6188888889
580,Manguli,OR05AJ1525,10,147.45,22,5,12,15,84.5888888889
581,Manguli,OR05AJ4215,1,147.37,22,5,11,28,44.4016666667
582,Manguli,OR05AJ8915,2,147.35,20,6,11,21,66.7436111111
583,Manguli,OR05U6821,3,148.84,19,5,11,29,40.6777777778
584,Manguli,OR07J9793,10,147.07,21,3,11,32,58.9525
585,Manguli,OR07V0091,3,146.76,20,2,11,19,40.8483333333
586,Manguli,OR07V2855,16,146.83,8,0,11,21,88.0994444444
587,Manguli,OR07V5231,0,51.68,21,3,11,18,93.65
588,Manguli,OR07W2988,23,128.44,19,2,11,39,44.1352777778
589,Manguli,OR07W2988,22,147.4,4,2,11,19,29.6541666667
590,Manguli,OR07Y7231,23,147.32,2,3,11,26,26.1627777778
591,Manguli,OR07Y9451,3,147.29,11,6,11,21,31.1836111111
592,Manguli,OR11J1747,23,147.45,4,1,11,20,101.817222222
593,Manguli,TN30BC5699,14,147.6,21,5,11,41,30.3286111111
594,Manguli,TN36Y9906,23,146.55,1,1,11,40,25.6288888889
595,Manguli,WB23B7298,14,147.58,1,4,12,16,34.3452777778
596,Manguli,WB23C9411,23,147.27,3,0,11,39,28.5052777778
597,Mulbagal,AP05TF2187,23,1494.92,12,5,11,42,109.045277778
598,Mulbagal,AP07TU1409,3,1520.28,9,4,11,23,126.753333333
599,Mulbagal,AP26TB0388,1,1519.87,21,5,11,40,307.487222222
600,Mulbagal,BR02GA3943,0,1513.37,16,5,12,14,88.6136111111
601,Mulbagal,CG04DK4870,4,1516.48,4,5,11,29,143.730833333
602,Mulbagal,CG04FB5095,4,1514.04,17,4,12,16,156.721111111
603,Mulbagal,CG08L3445,4,1522.53,22,6,11,21,90.3352777778
604,Mulbagal,JH01AE6027,0,1522.53,22,2,11,40,166.286388889
605,Mulbagal,JH02M1289,23,1513.87,23,5,12,16,144.143611111
606,Mulbagal,JH05AC8204,2,1427.73,9,1,11,39,103.553333333
607,Mulbagal,JH05AE4540,22,1486.2,15,0,11,20,113.148888889
608,Mulbagal,JH05V5242,2,1517.87,18,5,11,42,88.3038888889
609,Mulbagal,NL01N5129,1,1510.72,18,4,11,38,136.430833333
610,Mulbagal,OD04D0605,23,1524.19,17,0,11,27,137.921944444
611,Mulbagal,OD04D5891,4,1520.61,19,4,11,23,134.925277778
612,Mulbagal,OD04F2036,0,1523.45,20,5,11,29,116.485277778
613,Mulbagal,OD04G4791,15,1523.93,18,6,11,21,123.210833333
614,Mulbagal,OD04H5921,10,1519.57,18,5,11,22,127.496388889
615,Mulbagal,OD07M1151,4,1539.25,16,4,12,15,83.6508333333
616,Mulbagal,OR01S7415,23,1549.0,19,3,11,25,116.326388889
617,Mulbagal,OR04M5329,8,1499.06,15,1,11,39,127.1375
618,Mulbagal,OR04M5329,3,1523.88,17,2,11,19,86.0052777778
619,Mulbagal,OR05AJ1525,10,1512.94,17,5,12,15,151.163888889
620,Mulbagal,OR05AJ4215,1,1516.01,14,5,11,28,108.705833333
621,Mulbagal,OR05AJ8915,2,1524.27,22,6,11,21,116.630555556
622,Mulbagal,OR05U6821,3,1511.05,22,5,11,29,115.803611111
623,Mulbagal,OR07V0091,3,1513.26,17,2,11,19,86.2497222222
624,Mulbagal,OR07V2855,16,1514.44,16,0,11,21,168.719166667
625,Mulbagal,OR07V5231,0,372.28,17,3,11,18,185.362222222
626,Mulbagal,OR07W2988,22,1517.61,12,2,11,19,110.007222222
627,Mulbagal,OR07Y7231,23,1530.4,15,3,11,26,111.997222222
628,Mulbagal,OR07Y9451,3,1508.58,8,6,11,21,125.011388889
629,Mulbagal,OR11J1747,23,1526.0,11,1,11,20,180.882777778
630,Mulbagal,WB23B7298,14,1434.25,18,4,12,16,99.1572222222
631,Mulbagal,WB23C9411,23,1521.22,11,0,11,39,252.011388889
632,Nathavalasa/ Vizianagaram,AP04TX2171,19,559.1,9,5,11,22,37.8675
633,Nathavalasa/ Vizianagaram,AP05TF2187,23,538.49,3,5,11,42,28.0586111111
634,Nathavalasa/ Vizianagaram,AP07TU1409,3,556.81,22,4,11,23,67.5663888889
635,Nathavalasa/ Vizianagaram,AP07TU2566,14,557.21,9,3,11,25,114.712222222
636,Nathavalasa/ Vizianagaram,AP26TB0388,1,556.46,21,5,11,40,43.4333333333
637,Nathavalasa/ Vizianagaram,BR02GA3943,0,558.74,11,5,12,14,58.8108333333
638,Nathavalasa/ Vizianagaram,CG04DK4870,4,556.75,14,5,11,29,106.424166667
639,Nathavalasa/ Vizianagaram,CG04FB5095,4,557.52,20,4,12,16,87.9988888889
640,Nathavalasa/ Vizianagaram,CG08L3445,4,557.7,21,6,11,21,41.9038888889
641,Nathavalasa/ Vizianagaram,JH01AE6027,0,554.42,19,2,11,40,115.549444444
642,Nathavalasa/ Vizianagaram,JH02M1289,23,557.49,14,5,12,16,87.6225
643,Nathavalasa/ Vizianagaram,JH05AC8204,2,463.7,10,1,11,39,56.6222222222
644,Nathavalasa/ Vizianagaram,JH05AE4540,22,523.33,16,0,11,20,65.8233333333
645,Nathavalasa/ Vizianagaram,JH05BQ1509,22,499.0,8,3,11,32,81.0641666667
646,Nathavalasa/ Vizianagaram,JH05V5242,2,555.18,19,5,11,42,40.5641666667
647,Nathavalasa/ Vizianagaram,JH10BR9134,2,464.12,18,2,11,32,39.9066666667
648,Nathavalasa/ Vizianagaram,NL01N5129,1,555.64,11,4,11,38,82.1158333333
649,Nathavalasa/ Vizianagaram,OD04D0605,23,558.63,11,0,11,27,83.3991666667
650,Nathavalasa/ Vizianagaram,OD04D5891,4,557.27,23,4,11,23,91.3363888889
651,Nathavalasa/ Vizianagaram,OD04F1729,22,541.77,12,6,11,20,61.1705555556
652,Nathavalasa/ Vizianagaram,OD04F2036,0,557.99,20,5,11,29,67.8961111111
653,Nathavalasa/ Vizianagaram,OD04G4791,10,556.15,3,5,11,42,64.9425
654,Nathavalasa/ Vizianagaram,OD04G4791,15,557.88,18,6,11,21,75.4480555556
655,Nathavalasa/ Vizianagaram,OD04H5921,10,556.57,18,5,11,22,79.7558333333
656,Nathavalasa/ Vizianagaram,OD07M1151,4,565.63,19,4,12,15,38.3633333333
657,Nathavalasa/ Vizianagaram,OR01S7415,23,560.93,19,3,11,25,67.9794444444
658,Nathavalasa/ Vizianagaram,OR04M5329,8,553.85,16,1,11,39,79.2427777778
659,Nathavalasa/ Vizianagaram,OR04M5329,3,558.2,16,2,11,19,37.2480555556
660,Nathavalasa/ Vizianagaram,OR04M6922,4,556.33,9,6,12,14,52.9166666667
661,Nathavalasa/ Vizianagaram,OR05AJ1525,10,556.02,16,5,12,15,101.771944444
662,Nathavalasa/ Vizianagaram,OR05AJ4215,1,556.44,15,5,11,28,61.6119444444
663,Nathavalasa/ Vizianagaram,OR05AJ8915,2,556.74,12,6,11,21,82.5486111111
664,Nathavalasa/ Vizianagaram,OR05U6821,3,556.67,19,5,11,29,64.7986111111
665,Nathavalasa/ Vizianagaram,OR07J9793,10,555.52,20,3,11,32,81.2283333333
666,Nathavalasa/ Vizianagaram,OR07V0091,3,555.2,7,2,11,19,52.1777777778
667,Nathavalasa/ Vizianagaram,OR07V2855,16,556.32,10,0,11,21,114.813611111
668,Nathavalasa/ Vizianagaram,OR07W2988,23,543.57,8,2,11,39,57.2875
669,Nathavalasa/ Vizianagaram,OR07W2988,22,555.84,7,2,11,19,56.4544444444
670,Nathavalasa/ Vizianagaram,OR07Y7231,23,562.47,12,3,11,26,60.785
671,Nathavalasa/ Vizianagaram,OR07Y9451,3,555.94,4,6,11,21,72.7636111111
672,Nathavalasa/ Vizianagaram,OR11J1747,23,558.73,23,1,11,20,120.105555556
673,Nathavalasa/ Vizianagaram,TN30BC5699,14,558.69,10,5,11,41,43.1922222222
674,Nathavalasa/ Vizianagaram,WB23B7298,14,558.26,17,4,12,16,50.3930555556
675,Nathavalasa/ Vizianagaram,WB23C9411,23,557.17,7,0,11,39,56.0408333333
676,Palempalli,AP04TX2171,19,1343.89,9,5,11,22,110.170277778
677,Palempalli,AP07TB1989,23,657.08,10,3,11,25,130.423611111
678,Palempalli,AP07TU2566,14,1321.26,10,3,11,25,187.620277778
679,Pallikonda,TN30BC5699,14,1489.31,14,5,11,41,71.2369444444
680,Panikholi,AP04TX2171,19,93.64,18,5,11,22,23.4761111111
681,Panikholi,AP05TF2187,23,94.16,14,5,11,42,15.6436111111
682,Panikholi,AP07TU1409,3,94.26,19,4,11,23,40.2530555556
683,Panikholi,AP07TU2566,14,93.88,18,3,11,25,99.9797222222
684,Panikholi,AP26TB0388,1,93.51,3,5,11,40,25.4622222222
685,Panikholi,BR02GA3943,0,93.97,20,5,12,14,44.4161111111
686,Panikholi,CG04DK4870,4,93.13,14,5,11,29,82.1827777778
687,Panikholi,CG04FB5095,4,93.69,23,4,12,16,66.2983333333
688,Panikholi,CG08L3445,4,93.41,7,6,11,21,27.8422222222
689,Panikholi,JH01AE6027,1,92.99,21,4,12,16,43.5825
690,Panikholi,JH02M1289,23,93.67,9,5,12,16,58.3711111111
691,Panikholi,JH05AC8204,2,0.0,10,1,11,39,32.4794444444
692,Panikholi,JH05AE4540,22,91.67,20,0,11,20,46.1375
693,Panikholi,JH05BQ1509,22,35.28,15,3,11,32,64.2491666667
694,Panikholi,JH10BR9134,2,0.0,0,2,11,32,21.3258333333
695,Panikholi,NL01N5129,1,93.33,17,4,11,38,63.6675
696,Panikholi,OD04D0605,23,93.68,3,0,11,27,51.2966666667
697,Panikholi,OD04D5891,4,93.79,22,4,11,23,66.0022222222
698,Panikholi,OD04F1729,22,93.74,22,6,11,20,47.1430555556
699,Panikholi,OD04F2036,0,93.52,13,5,11,29,37.4827777778
700,Panikholi,OD04G4791,10,93.63,6,5,11,42,44.4708333333
701,Panikholi,OD04G4791,15,93.15,20,6,11,21,53.1977777778
702,Panikholi,OD04H5921,10,92.98,20,5,11,22,57.4966666667
703,Panikholi,OD07M1151,4,94.82,1,4,12,15,20.8652777778
704,Panikholi,OR01S7415,23,90.7,21,3,11,25,45.9744444444
705,Panikholi,OR04M5329,8,93.42,22,1,11,39,62.1491666667
706,Panikholi,OR04M5329,3,93.87,1,2,11,19,22.2458333333
707,Panikholi,OR04M6922,4,93.51,21,6,12,14,41.3972222222
708,Panikholi,OR05AJ1525,10,93.67,21,5,12,15,83.3530555556
709,Panikholi,OR05AJ4215,1,93.09,20,5,11,28,42.9183333333
710,Panikholi,OR05AJ8915,2,93.7,19,6,11,21,65.4769444444
711,Panikholi,OR05U6821,3,95.22,17,5,11,29,38.6416666667
712,Panikholi,OR07J9793,10,92.98,20,3,11,32,57.5741666667
713,Panikholi,OR07V0091,3,93.41,18,2,11,19,39.1525
714,Panikholi,OR07V2855,16,93.08,6,0,11,21,86.8133333333
715,Panikholi,OR07V5231,0,0.0,20,3,11,18,91.8522222222
716,Panikholi,OR07W2988,23,70.82,16,2,11,39,41.9152777778
717,Panikholi,OR07W2988,22,93.73,3,2,11,19,28.4041666667
718,Panikholi,OR07Y7231,23,93.11,0,3,11,26,24.6388888889
719,Panikholi,OR07Y9451,3,0.0,13,1,11,40,58.2141666667
720,Panikholi,OR07Y9451,3,93.65,9,6,11,21,29.9002777778
721,Panikholi,OR11J1747,23,93.65,3,1,11,20,100.4675
722,Panikholi,TN30BC5699,14,93.59,19,5,11,41,28.5922222222
723,Panikholi,TN36Y9906,23,92.95,23,1,11,40,24.1925
724,Panikholi,WB23B7298,14,94.29,15,4,12,16,24.9788888889
725,Panikholi,WB23C9411,23,92.88,2,0,11,39,27.0386111111
726,Pottipadu,AP04TX2171,19,924.02,1,5,11,22,53.5558333333
727,Pottipadu,AP05TF2187,23,895.61,15,5,11,42,88.21
728,Pottipadu,AP07TB1989,23,237.95,0,3,11,25,72.9319444444
729,Pottipadu,AP07TU1409,3,920.81,20,4,11,23,89.0113888889
730,Pottipadu,AP07TU2566,14,920.89,1,3,11,25,130.382222222
731,Pottipadu,BR02GA3943,0,911.66,22,5,12,14,70.3938888889
732,Pottipadu,CG04DK4870,4,919.24,4,5,11,29,120.210555556
733,Pottipadu,CG04FB5095,4,919.57,23,4,12,16,115.176944444
734,Pottipadu,CG08L3445,4,922.18,19,6,11,21,63.0475
735,Pottipadu,JH01AE6027,1,475.71,1,4,12,16,72.18
736,Pottipadu,JH02M1289,23,919.03,20,5,12,16,117.750555556
737,Pottipadu,JH05AC8204,2,827.65,23,1,11,39,69.1844444444
738,Pottipadu,JH05AE4540,22,885.71,13,0,11,20,86.7733333333
739,Pottipadu,JH05BQ1509,22,862.9,20,3,11,32,93.8277777778
740,Pottipadu,JH05V5242,2,917.77,13,5,11,42,58.6233333333
741,Pottipadu,JH10BR9134,2,864.04,10,2,11,32,56.0711111111
742,Pottipadu,NL01N5129,1,914.72,11,4,11,38,105.557777778
743,Pottipadu,OD04D0605,23,922.97,10,0,11,27,106.135
744,Pottipadu,OD04D5891,4,920.62,15,4,11,23,107.693333333
745,Pottipadu,OD04F1729,22,719.15,1,6,11,20,74.7908333333
746,Pottipadu,OD04F2036,0,923.0,11,5,11,29,83.3280555556
747,Pottipadu,OD04G4791,15,922.56,14,6,11,21,95.9322222222
748,Pottipadu,OD04H5921,10,920.46,14,5,11,22,100.241944444
749,Pottipadu,OD07M1151,4,939.44,12,4,12,15,55.7088888889
750,Pottipadu,OR01S7415,23,935.46,13,3,11,25,85.9136111111
751,Pottipadu,OR04M5329,8,909.26,4,1,11,39,92.1441666667
752,Pottipadu,OR04M5329,3,922.81,13,2,11,19,57.6286111111
753,Pottipadu,OR04M6922,4,919.41,20,6,12,14,64.3836111111
754,Pottipadu,OR05AJ1525,10,916.76,12,5,12,15,122.470833333
755,Pottipadu,OR05AJ4215,1,918.33,11,5,11,28,82.0780555556
756,Pottipadu,OR05AJ8915,2,922.28,2,6,11,21,96.4041666667
757,Pottipadu,OR05U6821,3,916.28,18,5,11,29,87.5686111111
758,Pottipadu,OR07J9793,10,916.18,6,3,11,32,91.8536111111
759,Pottipadu,OR07V0091,3,916.15,21,2,11,19,66.6116666667
760,Pottipadu,OR07V2855,16,918.02,12,0,11,21,140.588611111
761,Pottipadu,OR07W2988,23,809.64,22,2,11,39,71.5380555556
762,Pottipadu,OR07W2988,22,918.69,21,2,11,19,70.9358333333
763,Pottipadu,OR07Y7231,23,928.5,6,3,11,26,78.2655555556
764,Pottipadu,OR07Y9451,3,914.78,0,6,11,21,92.4413888889
765,Pottipadu,OR11J1747,23,922.85,22,1,11,20,143.588055556
766,Pottipadu,TN30BC5699,14,923.73,21,5,11,41,54.4916666667
767,Pottipadu,TN36Y9906,23,930.95,2,1,11,40,75.5586111111
768,Pottipadu,WB23B7298,14,843.61,15,4,12,16,72.5291666667
769,Pottipadu,WB23C9411,23,922.02,13,0,11,39,86.6702777778
770,Sergrarh,AP04TX2171,19,0.0,16,5,11,22,20.7055555556
771,Sergrarh,AP05TF2187,23,0.0,9,5,11,42,9.76388888889
772,Sergrarh,AP07TU1409,3,0.0,13,4,11,23,34.6277777778
773,Sergrarh,AP07TU2566,14,0.0,16,3,11,25,97.5438888889
774,Sergrarh,AP26TB0388,1,0.0,0,5,11,40,23.0916666667
775,Sergrarh,BR02GA3943,0,0.0,18,5,12,14,42.3797222222
776,Sergrarh,CG04DK4870,4,0.0,12,5,11,29,79.8225
777,Sergrarh,CG04FB5095,4,0.0,20,4,12,16,64.0286111111
778,Sergrarh,CG08L3445,4,0.0,5,6,11,21,25.7366666667
779,Sergrarh,JH01AE6027,0,0.0,13,2,11,40,85.6783333333
780,Sergrarh,JH01AE6027,1,0.0,18,4,12,16,41.1463888889
781,Sergrarh,JH02M1289,23,0.0,0,5,12,16,49.0558333333
782,Sergrarh,JH05AE4540,22,0.0,17,0,11,20,43.0283333333
783,Sergrarh,JH05V5242,2,0.0,20,5,11,42,17.5302777778
784,Sergrarh,NL01N5129,1,0.0,14,4,11,38,61.295
785,Sergrarh,OD04D0605,23,0.0,23,0,11,27,47.5072222222
786,Sergrarh,OD04D5891,4,0.0,19,4,11,23,63.5958333333
787,Sergrarh,OD04F1729,22,0.0,19,6,11,20,44.0563888889
788,Sergrarh,OD04F2036,0,0.0,11,5,11,29,35.1127777778
789,Sergrarh,OD04G4791,10,0.0,4,5,11,42,42.4519444444
790,Sergrarh,OD04G4791,15,0.0,17,6,11,21,50.2588888889
791,Sergrarh,OD04H5921,10,0.0,17,5,11,22,54.5736111111
792,Sergrarh,OD07M1151,4,0.0,22,4,12,15,17.8597222222
793,Sergrarh,OR01S7415,23,0.0,16,3,11,25,40.8858333333
794,Sergrarh,OR04M5329,8,0.0,20,1,11,39,59.8297222222
795,Sergrarh,OR04M5329,3,0.0,23,2,11,19,20.0594444444
796,Sergrarh,OR04M6922,4,0.0,18,6,12,14,38.5780555556
797,Sergrarh,OR05AJ1525,10,0.0,18,5,12,15,80.5002777778
798,Sergrarh,OR05AJ4215,1,0.0,16,5,11,28,39.1288888889
799,Sergrarh,OR05AJ8915,2,0.0,16,6,11,21,62.6872222222
800,Sergrarh,OR05U6821,3,0.0,14,5,11,29,35.3055555556
801,Sergrarh,OR07J9793,10,0.0,18,3,11,32,55.0908333333
802,Sergrarh,OR07V0091,3,0.0,16,2,11,19,36.8830555556
803,Sergrarh,OR07V2855,16,0.0,23,0,11,21,78.9108333333
804,Sergrarh,OR07W2988,23,0.0,14,2,11,39,39.7558333333
805,Sergrarh,OR07W2988,22,0.0,0,2,11,19,25.6822222222
806,Sergrarh,OR07Y7231,23,0.0,22,3,11,26,22.4333333333
807,Sergrarh,OR07Y9451,3,0.0,6,6,11,21,27.0638888889
808,Sergrarh,OR11J1747,23,0.0,21,1,11,20,94.1644444444
809,Sergrarh,TN30BC5699,14,0.0,17,5,11,41,26.3225
810,Sergrarh,TN36Y9906,23,0.0,21,1,11,40,22.1066666667
811,Sergrarh,WB23B7298,14,0.0,13,4,12,16,22.74
812,Sergrarh,WB23C9411,23,0.0,23,0,11,39,24.5833333333
813,Sunambatti (Musunur),AP05TF2187,23,1149.16,22,5,11,42,95.7458333333
814,Sunambatti (Musunur),AP07TU1409,3,1174.42,13,4,11,23,106.716111111
815,Sunambatti (Musunur),AP26TB0388,1,1176.13,6,5,11,40,292.441944444
816,Sunambatti (Musunur),BR02GA3943,0,1165.58,5,5,12,14,77.4808333333
817,Sunambatti (Musunur),CG04DK4870,4,1172.79,18,5,11,29,134.075833333
818,Sunambatti (Musunur),CG04FB5095,4,1167.64,13,4,12,16,128.751944444
819,Sunambatti (Musunur),CG08L3445,4,1176.05,3,6,11,21,71.1536111111
820,Sunambatti (Musunur),JH01AE6027,0,1179.13,10,2,11,40,153.8725
821,Sunambatti (Musunur),JH02M1289,23,1170.82,9,5,12,16,130.18
822,Sunambatti (Musunur),JH05AC8204,2,1081.86,14,1,11,39,84.6375
823,Sunambatti (Musunur),JH05AE4540,22,1139.21,21,0,11,20,94.6444444444
824,Sunambatti (Musunur),JH05BQ1509,22,1117.06,7,3,11,32,104.896388889
825,Sunambatti (Musunur),JH05V5242,2,1172.18,21,5,11,42,66.7763888889
826,Sunambatti (Musunur),JH10BR9134,2,1117.14,20,2,11,32,65.7863888889
827,Sunambatti (Musunur),NL01N5129,1,1167.04,19,4,11,38,113.586666667
828,Sunambatti (Musunur),OD04D0605,23,1176.96,4,0,11,27,124.153055556
829,Sunambatti (Musunur),OD04D5891,4,1174.44,6,4,11,23,122.18
830,Sunambatti (Musunur),OD04F1729,22,935.14,8,6,11,20,81.4111111111
831,Sunambatti (Musunur),OD04F2036,0,1176.69,20,5,11,29,91.8922222222
832,Sunambatti (Musunur),OD04G4791,10,1172.59,6,5,11,42,91.9619444444
833,Sunambatti (Musunur),OD04G4791,15,1176.86,23,6,11,21,104.628055556
834,Sunambatti (Musunur),OD04H5921,10,1174.53,23,5,11,22,108.855
835,Sunambatti (Musunur),OD07M1151,4,1190.7,20,4,12,15,63.7005555556
836,Sunambatti (Musunur),OR01S7415,23,1194.0,6,3,11,25,102.798333333
837,Sunambatti (Musunur),OR04M5329,8,1160.23,20,1,11,39,107.716944444
838,Sunambatti (Musunur),OR04M5329,3,1177.2,21,2,11,19,66.3744444444
839,Sunambatti (Musunur),OR04M6922,4,1173.36,3,6,12,14,71.1894444444
840,Sunambatti (Musunur),OR05AJ1525,10,1169.06,3,5,12,15,136.892222222
841,Sunambatti (Musunur),OR05AJ4215,1,1171.59,20,5,11,28,90.6444444444
842,Sunambatti (Musunur),OR05AJ8915,2,1176.07,9,6,11,21,103.234444444
843,Sunambatti (Musunur),OR05U6821,3,1168.94,9,5,11,29,102.086388889
844,Sunambatti (Musunur),OR07J9793,10,1166.91,16,3,11,32,101.987777778
845,Sunambatti (Musunur),OR07V0091,3,1169.44,6,2,11,19,75.3638888889
846,Sunambatti (Musunur),OR07V2855,16,1170.42,21,0,11,21,149.425833333
847,Sunambatti (Musunur),OR07V5231,0,222.46,13,3,11,18,157.405555556
848,Sunambatti (Musunur),OR07W2988,23,1063.46,7,2,11,39,80.5763888889
849,Sunambatti (Musunur),OR07W2988,22,1172.43,15,2,11,19,88.7072222222
850,Sunambatti (Musunur),OR07Y7231,23,1183.17,17,3,11,26,89.5725
851,Sunambatti (Musunur),OR07Y9451,3,1167.43,11,6,11,21,103.648611111
852,Sunambatti (Musunur),OR11J1747,23,1180.07,11,1,11,20,156.925277778
853,Sunambatti (Musunur),TN30BC5699,14,1177.79,4,5,11,41,61.9552777778
854,Sunambatti (Musunur),TN36Y9906,23,1167.23,18,1,11,40,91.1013888889
855,Sunambatti (Musunur),WB23B7298,14,1098.76,8,4,12,16,89.2544444444
856,Sunambatti (Musunur),WB23C9411,23,1175.37,18,0,11,39,187.372777778
857,Tangutur,AP05TF2187,23,1086.69,20,5,11,42,93.5205555556
858,Tangutur,AP07TU1409,3,1112.66,10,4,11,23,103.805833333
859,Tangutur,AP26TB0388,1,1114.81,4,5,11,40,290.862222222
860,Tangutur,BR02GA3943,0,1103.38,4,5,12,14,75.7330555556
861,Tangutur,CG04DK4870,4,1110.58,12,5,11,29,127.963611111
862,Tangutur,CG04FB5095,4,1106.1,11,4,12,16,126.247222222
863,Tangutur,CG08L3445,4,1113.69,1,6,11,21,69.6241666667
864,Tangutur,JH01AE6027,0,1116.82,3,2,11,40,147.456388889
865,Tangutur,JH02M1289,23,1108.41,7,5,12,16,128.712777778
866,Tangutur,JH05AE4540,22,1077.05,18,0,11,20,92.2080555556
867,Tangutur,JH05BQ1509,22,1054.66,3,3,11,32,100.356666667
868,Tangutur,JH05V5242,2,1109.7,19,5,11,42,65.2988888889
869,Tangutur,JH10BR9134,2,1055.33,19,2,11,32,64.3491666667
870,Tangutur,NL01N5129,1,1105.62,17,4,11,38,111.353611111
871,Tangutur,OD04D0605,23,1114.8,18,0,11,27,114.955
872,Tangutur,OD04D5891,4,1111.83,21,4,11,23,113.518055556
873,Tangutur,OD04F1729,22,883.44,6,6,11,20,79.9422222222
874,Tangutur,OD04F2036,0,1114.4,17,5,11,29,88.72
875,Tangutur,OD04G4791,10,1110.58,4,5,11,42,90.3061111111
876,Tangutur,OD04G4791,15,1114.36,21,6,11,21,102.758611111
877,Tangutur,OD04H5921,10,1111.94,21,5,11,22,107.024722222
878,Tangutur,OD07M1151,4,1127.67,18,4,12,15,61.4372222222
879,Tangutur,OR01S7415,23,1130.22,21,3,11,25,93.8091666667
880,Tangutur,OR04M5329,8,1099.81,17,1,11,39,105.004166667
881,Tangutur,OR04M6922,4,1111.4,2,6,12,14,69.9419444444
882,Tangutur,OR05AJ1525,10,1108.29,19,5,12,15,128.826111111
883,Tangutur,OR05AJ4215,1,1109.55,17,5,11,28,87.4775
884,Tangutur,OR05AJ8915,2,1114.05,7,6,11,21,101.848055556
885,Tangutur,OR05U6821,3,1107.87,7,5,11,29,100.528055556
886,Tangutur,OR07J9793,10,1106.08,12,3,11,32,97.4566666667
887,Tangutur,OR07V0091,3,1107.85,4,2,11,19,73.7197222222
888,Tangutur,OR07V2855,16,1109.1,18,0,11,21,146.377222222
889,Tangutur,OR07W2988,23,1005.79,3,2,11,39,76.7097222222
890,Tangutur,OR07W2988,22,1110.55,14,2,11,19,87.3097222222
891,Tangutur,OR07Y7231,23,1120.61,15,3,11,26,87.5027777778
892,Tangutur,OR07Y9451,3,1105.3,10,6,11,21,102.220833333
893,Tangutur,OR11J1747,23,1118.16,10,1,11,20,155.735
894,Tangutur,TN30BC5699,14,1115.27,3,5,11,41,60.2813888889
895,Tangutur,TN36Y9906,23,1123.17,13,1,11,40,85.8883333333
896,Tangutur,WB23B7298,14,1036.38,6,4,12,16,87.3727777778
897,Unguturu,JH10BR9134,2,791.49,8,2,11,32,53.7466666667
898,Vaniyambadi,TN30BC5699,14,1541.27,15,5,11,41,72.7063888889
899,Vaniyambadi,TN36Y9906,23,1515.59,0,1,11,40,120.74
900,Vempadu,AP04TX2171,19,687.51,15,5,11,22,44.1397222222
901,Vempadu,AP05TF2187,23,652.29,6,5,11,42,31.5297222222
902,Vempadu,AP07TB1989,23,0.0,15,3,11,25,63.7830555556
903,Vempadu,AP07TU1409,3,685.19,3,4,11,23,72.3311111111
904,Vempadu,AP07TU2566,14,684.14,15,3,11,25,121.029444444
905,Vempadu,AP26TB0388,1,683.46,1,5,11,40,47.84
906,Vempadu,BR02GA3943,0,687.2,16,5,12,14,63.7841666667
907,Vempadu,CG04DK4870,4,684.27,21,5,11,29,112.728888889
908,Vempadu,CG04FB5095,4,685.25,13,4,12,16,104.900555556
909,Vempadu,CG08L3445,4,686.23,2,6,11,21,46.6786111111
910,Vempadu,JH01AE6027,0,691.69,11,2,11,40,130.737777778
911,Vempadu,JH02M1289,23,686.35,23,5,12,16,95.8972222222
912,Vempadu,JH05AC8204,2,591.25,15,1,11,39,61.2741666667
913,Vempadu,JH05AE4540,22,651.57,22,0,11,20,71.7236111111
914,Vempadu,JH05BQ1509,22,626.89,12,3,11,32,85.4936111111
915,Vempadu,JH05V5242,2,683.05,0,5,11,42,46.1516666667
916,Vempadu,JH10BR9134,2,589.47,23,2,11,32,44.9538888889
917,Vempadu,NL01N5129,1,683.35,20,4,11,38,91.0738888889
918,Vempadu,OD04D0605,23,686.78,17,0,11,27,89.4961111111
919,Vempadu,OD04D5891,4,684.99,5,4,11,23,97.7080555556
920,Vempadu,OD04F1729,22,672.43,18,6,11,20,67.0658333333
921,Vempadu,OD04F2036,0,685.84,23,5,11,29,71.4033333333
922,Vempadu,OD04G4791,10,683.4,9,5,11,42,71.0294444444
923,Vempadu,OD04G4791,15,685.97,0,6,11,21,80.9736111111
924,Vempadu,OD04H5921,10,684.71,23,5,11,22,85.2277777778
925,Vempadu,OD07M1151,4,694.95,1,4,12,15,44.5194444444
926,Vempadu,OR01S7415,23,692.98,6,3,11,25,78.7366666667
927,Vempadu,OR04M5329,8,679.35,21,1,11,39,84.7691666667
928,Vempadu,OR04M5329,3,686.57,5,2,11,19,49.6263888889
929,Vempadu,OR04M6922,4,684.57,14,6,12,14,58.2044444444
930,Vempadu,OR05AJ1525,10,682.53,20,5,12,15,105.938055556
931,Vempadu,OR05AJ4215,1,684.01,20,5,11,28,67.1613888889
932,Vempadu,OR05AJ8915,2,685.21,18,6,11,21,88.2411111111
933,Vempadu,OR05U6821,3,683.96,7,5,11,29,76.4566666667
934,Vempadu,OR07J9793,10,682.96,23,3,11,32,84.7363888889
935,Vempadu,OR07V0091,3,681.6,14,2,11,19,59.1011111111
936,Vempadu,OR07V2855,16,683.79,20,0,11,21,124.317222222
937,Vempadu,OR07W2988,23,686.11,14,2,11,39,63.85
938,Vempadu,OR07W2988,22,683.91,14,2,11,19,63.3911111111
939,Vempadu,OR07Y7231,23,690.74,16,3,11,26,64.5991666667
940,Vempadu,OR07Y9451,3,119.04,19,1,11,40,88.1333333333
941,Vempadu,OR07Y9451,3,681.69,8,6,11,21,76.4655555556
942,Vempadu,OR11J1747,23,686.93,9,1,11,20,130.636388889
943,Vempadu,TN30BC5699,14,686.89,14,5,11,41,47.1272222222
944,Vempadu,TN36Y9906,23,694.88,9,1,11,40,58.0208333333
945,Vempadu,WB23B7298,14,668.98,8,4,12,16,65.0355555556
946,Vempadu,WB23C9411,23,685.67,19,0,11,39,68.3713888889
947,Venkatachallam &#160;(Old Nellore),AP05TF2187,23,1215.9,1,5,11,42,98.0302777778
948,Venkatachallam &#160;(Old Nellore),AP07TU1409,3,1241.38,15,4,11,23,108.283055556
949,Venkatachallam &#160;(Old Nellore),AP26TB0388,1,1242.16,8,5,11,40,294.215833333
950,Venkatachallam &#160;(Old Nellore),BR02GA3943,0,1232.82,7,5,12,14,79.1338888889
951,Venkatachallam &#160;(Old Nellore),CG04DK4870,4,1240.45,19,5,11,29,135.475833333
952,Venkatachallam &#160;(Old Nellore),CG04FB5095,4,1235.39,15,4,12,16,130.213888889
953,Venkatachallam &#160;(Old Nellore),CG08L3445,4,1243.12,4,6,11,21,72.7877777778
954,Venkatachallam &#160;(Old Nellore),JH01AE6027,0,1245.45,11,2,11,40,155.304166667
955,Venkatachallam &#160;(Old Nellore),JH02M1289,23,1237.33,11,5,12,16,131.999444444
956,Venkatachallam &#160;(Old Nellore),JH05AC8204,2,1148.58,16,1,11,39,86.2494444444
957,Venkatachallam &#160;(Old Nellore),JH05AE4540,22,1206.47,4,0,11,20,101.7575
958,Venkatachallam &#160;(Old Nellore),JH05BQ1509,22,1183.98,9,3,11,32,106.9325
959,Venkatachallam &#160;(Old Nellore),JH05V5242,2,1239.16,5,5,11,42,75.2677777778
960,Venkatachallam &#160;(Old Nellore),JH10BR9134,2,1184.21,22,2,11,32,67.3366666667
961,Venkatachallam &#160;(Old Nellore),NL01N5129,1,1232.79,5,4,11,38,124.061111111
962,Venkatachallam &#160;(Old Nellore),OD04D0605,23,1244.22,6,0,11,27,126.439722222
963,Venkatachallam &#160;(Old Nellore),OD04D5891,4,1241.51,7,4,11,23,123.666111111
964,Venkatachallam &#160;(Old Nellore),OD04F2036,0,1243.21,8,5,11,29,104.476388889
965,Venkatachallam &#160;(Old Nellore),OD04G4791,10,1239.02,7,5,11,42,93.4272222222
966,Venkatachallam &#160;(Old Nellore),OD04G4791,15,1243.67,7,6,11,21,112.322777778
967,Venkatachallam &#160;(Old Nellore),OD04H5921,10,1241.19,7,5,11,22,116.616944444
968,Venkatachallam &#160;(Old Nellore),OD07M1151,4,1258.57,22,4,12,15,65.6752777778
969,Venkatachallam &#160;(Old Nellore),OR01S7415,23,1262.04,8,3,11,25,105.451944444
970,Venkatachallam &#160;(Old Nellore),OR04M5329,8,1225.85,22,1,11,39,109.518333333
971,Venkatachallam &#160;(Old Nellore),OR04M5329,3,1244.08,23,2,11,19,67.995
972,Venkatachallam &#160;(Old Nellore),OR04M6922,4,1239.92,4,6,12,14,72.5780555556
973,Venkatachallam &#160;(Old Nellore),OR05AJ1525,10,1235.53,4,5,12,15,138.364166667
974,Venkatachallam &#160;(Old Nellore),OR05AJ4215,1,1239.06,22,5,11,28,92.3769444444
975,Venkatachallam &#160;(Old Nellore),OR05AJ8915,2,1243.76,12,6,11,21,106.054166667
976,Venkatachallam &#160;(Old Nellore),OR05U6821,3,1235.68,12,5,11,29,105.322777778
977,Venkatachallam &#160;(Old Nellore),OR07J9793,10,1231.91,18,3,11,32,103.493055556
978,Venkatachallam &#160;(Old Nellore),OR07V0091,3,1236.13,8,2,11,19,76.9605555556
979,Venkatachallam &#160;(Old Nellore),OR07V2855,16,1237.24,7,0,11,21,159.320833333
980,Venkatachallam &#160;(Old Nellore),OR07V5231,0,261.4,15,3,11,18,158.821388889
981,Venkatachallam &#160;(Old Nellore),OR07W2988,23,1128.01,9,2,11,39,82.0730555556
982,Venkatachallam &#160;(Old Nellore),OR07W2988,22,1240.0,17,2,11,19,90.1577777778
983,Venkatachallam &#160;(Old Nellore),OR07Y7231,23,1250.55,19,3,11,26,91.5147222222
984,Venkatachallam &#160;(Old Nellore),OR07Y9451,3,1233.81,13,6,11,21,105.121666667
985,Venkatachallam &#160;(Old Nellore),OR11J1747,23,1247.97,15,1,11,20,160.078888889
986,Venkatachallam &#160;(Old Nellore),TN30BC5699,14,1244.73,6,5,11,41,63.6161111111
987,Venkatachallam &#160;(Old Nellore),TN36Y9906,23,1234.21,21,1,11,40,94.0755555556
988,Venkatachallam &#160;(Old Nellore),WB23B7298,14,1165.77,9,4,12,16,90.6972222222
989,Venkatachallam &#160;(Old Nellore),WB23C9411,23,1242.01,20,0,11,39,189.460833333
990,Sergrarh,OR04M532M,12,0.0,8,5,11,40,20.3355555556
991,Panikholi,OR04M532M,12,95.1,10,5,11,40,22.6580555556
992,Manguli,OR04M532M,12,146.8,12,5,11,40,24.1247222222
993,Sergrarh,OR04M53MM,21,0.0,17,6,10,53,20.1836111111
994,Panikholi,OR04M53MM,21,94.6,19,6,10,53,22.5752777778
995,Manguli,OR04M53MM,21,146.5,21,6,10,53,24.1697222222
996,Gudipada (Old Gangapada),OR04M53MM,21,204.6,23,6,10,53,26.3263888889
997,Gurapalli,OR04M53MM,21,293.59,1,0,10,53,28.5852777778
