,Unnamed: 0,origin,destination,toll_both,vehicle_no,loading_out_time,odometer_km,ist_timestamp,distance_from_toll,loading_in_time,start_date,eta,unloading_in_time,slug,delivery_status,distance_travelled,late_by_hrs,time_taken
653,798,Dhenkanal,Visakhapatnam,Gudipada (Old Gangapada),OR09D8796,2017-11-24 17:43:26,5138.55,2017-11-25 02:15:52,0.893914819354,2017-11-24 16:01:13,2017-11-24 00:00:00,2017-11-26 00:00:00,2017-11-26 05:44:40,ET6RF000,on-time,0.0,-10.2758333333,8.54055555556
628,604,Dhenkanal,Visakhapatnam,Gudipada (Old Gangapada),AP31TC0679,2017-11-25 16:15:11,9944.34,2017-11-25 21:54:08,0.275660226256,2017-11-25 15:12:00,2017-11-25 00:00:00,2017-11-27 00:00:00,2017-11-26 19:08:01,ETMUF000,early,0.0,-20.0663888889,5.64916666667
627,596,Dhenkanal,Visakhapatnam,Gudipada (Old Gangapada),AP31TB4579,2017-11-27 19:25:34,11525.04,2017-11-28 00:20:54,0.578793400909,2017-11-27 17:37:24,2017-11-27 00:00:00,2017-11-29 00:00:00,2017-11-28 12:08:16,ETL1G000,early,0.0,-29.4855555556,4.92222222222
626,590,Dhenkanal,Visakhapatnam,Gudipada (Old Gangapada),AP30W4599,2017-12-01 19:41:49,5535.15,2017-12-02 00:32:43,0.93148832314,2017-12-01 18:26:30,2017-12-01 00:00:00,2017-12-03 00:00:00,2017-12-03 07:30:04,ET9DG000,on-time,0.0,-10.9405555556,4.84833333333
625,582,Dhenkanal,Visakhapatnam,Gudipada (Old Gangapada),AP16TY8489,2017-11-27 19:24:15,14552.25,2017-11-27 23:50:54,0.416375990506,2017-11-27 17:31:37,2017-11-27 00:00:00,2017-11-29 00:00:00,2017-11-29 05:34:41,ETK1G000,on-time,0.0,-11.9488888889,4.44416666667
623,566,Dhenkanal,Visakhapatnam,Gudipada (Old Gangapada),AP16TE6019,2017-11-21 20:58:56,10675.68,2017-11-22 02:08:03,0.930818173206,2017-11-21 20:44:13,2017-11-21 00:00:00,2017-11-23 00:00:00,2017-11-23 08:00:10,ETODF000,early,0.0,-12.7341666667,5.15194444444
622,558,Dhenkanal,Visakhapatnam,Gudipada (Old Gangapada),AP05V7856,2017-12-01 19:41:46,10199.09,2017-12-02 00:29:07,0.641244056639,2017-12-01 18:29:36,2017-12-01 00:00:00,2017-12-03 00:00:00,2017-12-03 03:55:20,ET8DG000,early,0.0,-14.5711111111,4.78916666667
621,556,Dhenkanal,Visakhapatnam,Gudipada (Old Gangapada),AP05TU8779,2017-11-25 17:04:52,3467.78,2017-11-26 08:08:51,0.415477465283,2017-11-25 15:17:42,2017-11-25 00:00:00,2017-11-27 00:00:00,2017-11-27 08:16:35,ETUUF000,on-time,0.0,-7.01861111111,15.0663888889
620,548,Dhenkanal,Visakhapatnam,Gudipada (Old Gangapada),AP05TG1315,2017-11-23 19:24:54,2642.66,2017-11-24 00:06:21,0.460973355132,2017-11-23 15:15:33,2017-11-23 00:00:00,2017-11-25 00:00:00,2017-11-24 12:43:07,ET9NF000,early,0.0,-26.5405555556,4.69083333333
619,540,Dhenkanal,Visakhapatnam,Gudipada (Old Gangapada),AP05TD6769,2017-11-25 16:09:58,10207.82,2017-11-25 20:47:59,0.920095220806,2017-11-25 15:13:58,2017-11-25 00:00:00,2017-11-27 00:00:00,2017-11-26 07:25:15,ETQUF000,early,0.0,-31.8119444444,4.63361111111
618,532,Dhenkanal,Visakhapatnam,Gudipada (Old Gangapada),AP05TA9595,2017-12-01 19:24:17,5848.02,2017-12-02 00:32:25,0.898775243221,2017-12-01 18:37:17,2017-12-01 00:00:00,2017-12-03 00:00:00,2017-12-02 11:26:26,ETBDG000,early,0.0,-31.1808333333,5.13555555556
629,611,Dhenkanal,Visakhapatnam,Gudipada (Old Gangapada),AP31TE8359,2017-11-23 21:19:18,4534.85,2017-11-24 07:21:35,0.567623774657,2017-11-23 16:24:55,2017-11-23 00:00:00,2017-11-25 00:00:00,2017-11-25 07:50:45,ETPNF000,on-time,0.0,-8.56944444444,10.0380555556
617,526,Dhenkanal,Visakhapatnam,Gudipada (Old Gangapada),AP05TA4138,2017-11-27 19:23:11,7870.03,2017-11-27 23:39:53,0.131740833802,2017-11-27 17:54:59,2017-11-27 00:00:00,2017-11-29 00:00:00,2017-11-29 06:06:26,ETO1G000,on-time,0.0,-11.8091666667,4.27833333333
655,814,Dhenkanal,Visakhapatnam,Gudipada (Old Gangapada),OR09L2312,2017-12-02 17:38:51,6956.21,2017-12-03 07:14:07,0.837839639548,2017-12-02 13:26:29,2017-12-02 00:00:00,2017-12-04 00:00:00,2017-12-04 06:20:23,ETQFG000,on-time,0.0,-7.10166666667,13.5877777778
656,822,Dhenkanal,Visakhapatnam,Gudipada (Old Gangapada),OR15S5392,2017-11-24 17:34:47,5125.1,2017-11-25 02:16:28,0.404571431477,2017-11-24 16:05:28,2017-11-24 00:00:00,2017-11-26 00:00:00,2017-11-26 05:44:22,ET9RF000,on-time,0.0,-10.3516666667,8.69472222222
657,830,Dhenkanal,Visakhapatnam,Gudipada (Old Gangapada),OR19B9500,2017-11-22 02:01:17,5215.56,2017-11-22 02:54:17,0.770427013251,2017-11-21 20:41:04,2017-11-21 00:00:00,2017-11-23 00:00:00,2017-11-22 22:39:42,ETLDF000,early,0.0,-22.0227777778,0.883333333333
658,838,Dhenkanal,Visakhapatnam,Gudipada (Old Gangapada),OR19F6861,2017-12-01 19:52:27,6877.7,2017-12-02 03:05:17,0.816667796035,2017-12-01 18:25:15,2017-12-01 00:00:00,2017-12-03 00:00:00,2017-12-03 05:16:54,ET7DG000,early,0.0,-13.1391666667,7.21388888889
659,846,Dhenkanal,Visakhapatnam,Gudipada (Old Gangapada),OR19F9475,2017-11-25 16:16:45,5774.66,2017-11-26 06:07:24,0.80241087887,2017-11-25 13:59:36,2017-11-25 00:00:00,2017-11-27 00:00:00,2017-11-27 05:00:37,ETFUF000,on-time,0.0,-8.98305555556,13.8441666667
660,854,Dhenkanal,Visakhapatnam,Gudipada (Old Gangapada),OR19G5229,2017-11-25 15:20:32,2954.75,2017-11-26 05:55:03,0.981884191112,2017-11-25 13:52:29,2017-11-25 00:00:00,2017-11-27 00:00:00,2017-11-26 23:27:22,ETCUF000,early,0.0,-14.4186111111,14.5752777778
661,862,Dhenkanal,Visakhapatnam,Gudipada (Old Gangapada),OR19K0729,2017-11-25 15:20:42,4824.3,2017-11-26 06:00:00,0.956746215547,2017-11-25 13:56:21,2017-11-25 00:00:00,2017-11-27 00:00:00,2017-11-26 23:28:23,ETDUF000,early,0.0,-14.4661111111,14.655
662,870,Dhenkanal,Visakhapatnam,Gudipada (Old Gangapada),OR19M1877,2017-12-04 19:56:26,5781.4,2017-12-05 20:47:59,0.960253445421,2017-12-04 17:03:43,2017-12-04 00:00:00,2017-12-06 00:00:00,2017-12-06 14:19:06,ET2LG000,on-time,0.0,-2.74361111111,24.8591666667
663,877,Dhenkanal,Visakhapatnam,Gudipada (Old Gangapada),OR19P7575,2017-11-25 16:42:53,7515.16,2017-11-26 00:01:24,0.892489576143,2017-11-25 14:05:41,2017-11-25 00:00:00,2017-11-27 00:00:00,2017-11-27 09:16:48,ETJUF000,on-time,0.0,-4.81472222222,7.30861111111
664,885,Dhenkanal,Visakhapatnam,Gudipada (Old Gangapada),OR19P7575,2017-12-02 19:45:55,12829.87,2017-12-03 15:46:56,0.853097225591,2017-12-02 17:27:46,2017-12-02 00:00:00,2017-12-04 00:00:00,2017-12-04 23:36:44,ETKGG000,on-time,0.0,6.14944444444,20.0169444444
654,806,Dhenkanal,Visakhapatnam,Gudipada (Old Gangapada),OR09F4337,2017-11-21 20:58:37,6523.84,2017-11-22 05:51:02,0.831972283427,2017-11-21 20:44:37,2017-11-21 00:00:00,2017-11-23 00:00:00,2017-11-24 05:26:08,ETMDF000,on-time,0.0,8.69194444444,8.87361111111
630,619,Dhenkanal,Visakhapatnam,Gudipada (Old Gangapada),AP31TE8739,2017-11-23 21:20:05,5634.02,2017-11-24 07:21:00,0.884995225282,2017-11-23 16:23:20,2017-11-23 00:00:00,2017-11-25 00:00:00,2017-11-25 07:50:15,ETONF000,on-time,0.0,-8.55138888889,10.0152777778
624,574,Dhenkanal,Visakhapatnam,Gudipada (Old Gangapada),AP16TG9159,2017-11-24 16:53:20,5765.5,2017-11-24 22:14:07,0.341823831833,2017-11-24 15:44:10,2017-11-24 00:00:00,2017-11-26 00:00:00,2017-11-25 20:50:26,ETVQF000,early,0.0,-18.8955555556,5.34638888889
632,628,Dhenkanal,Visakhapatnam,Gudipada (Old Gangapada),AP31TG1179,2017-11-24 20:51:51,746.27,2017-11-24 21:50:02,0.655278920359,2017-11-24 18:23:38,2017-11-24 00:00:00,2017-11-26 00:00:00,2017-11-25 08:40:09,ETQRF000,early,0.0,-33.7247222222,0.969722222222
651,782,Dhenkanal,Visakhapatnam,Gudipada (Old Gangapada),OR05AL5559,2017-11-22 17:29:38,5222.99,2017-11-23 05:45:58,0.910217902004,2017-11-22 11:30:03,2017-11-22 00:00:00,2017-11-24 00:00:00,2017-11-24 05:25:14,ET0HF000,on-time,0.0,-6.08027777778,12.2722222222
650,774,Dhenkanal,Visakhapatnam,Gudipada (Old Gangapada),OR05AG3675,2017-11-22 16:46:43,8467.01,2017-11-23 05:46:54,0.945577619582,2017-11-22 10:55:41,2017-11-22 00:00:00,2017-11-24 00:00:00,2017-11-24 05:35:04,ETSGF000,on-time,0.0,-5.34361111111,13.0030555556
649,766,Dhenkanal,Visakhapatnam,Gudipada (Old Gangapada),OR05AG0121,2017-11-23 23:33:48,5456.11,2017-11-24 06:47:30,0.903143310498,2017-11-23 15:24:27,2017-11-23 00:00:00,2017-11-25 00:00:00,2017-11-25 01:35:30,ETDNF000,early,0.0,-13.8158333333,7.22833333333
648,758,Dhenkanal,Visakhapatnam,Gudipada (Old Gangapada),OR04L0172,2017-12-01 19:04:45,5336.85,2017-12-02 05:57:54,0.791534184977,2017-12-01 18:19:00,2017-12-01 00:00:00,2017-12-03 00:00:00,2017-12-03 04:58:27,ET6DG000,early,0.0,-13.3425,10.8858333333
647,750,Dhenkanal,Visakhapatnam,Gudipada (Old Gangapada),OD25C6067,2017-11-25 16:11:41,9382.14,2017-11-26 06:33:13,0.583435964237,2017-11-25 15:13:30,2017-11-25 00:00:00,2017-11-27 00:00:00,2017-11-27 04:17:06,ETPUF000,on-time,0.0,-10.94,14.3588888889
646,742,Dhenkanal,Visakhapatnam,Gudipada (Old Gangapada),OD19J9951,2017-11-27 19:07:56,6966.95,2017-11-28 00:24:46,0.768110352386,2017-11-27 17:50:46,2017-11-27 00:00:00,2017-11-29 00:00:00,2017-11-29 06:18:59,ETN1G000,on-time,0.0,-11.5297222222,5.28055555556
631,627,Dhenkanal,Visakhapatnam,Gudipada (Old Gangapada),AP31TG1179,2017-11-24 20:51:51,746.27,2017-11-24 21:50:02,0.655278920359,2017-11-24 18:23:38,2017-11-24 00:00:00,2017-11-26 00:00:00,2017-11-25 08:40:09,ETSRF000,early,0.0,-33.7247222222,0.969722222222
645,734,Dhenkanal,Visakhapatnam,Gudipada (Old Gangapada),OD19J1122,2017-11-22 16:50:20,8138.93,2017-11-24 05:49:08,0.870486768228,2017-11-22 11:32:49,2017-11-22 00:00:00,2017-11-24 00:00:00,2017-11-25 01:22:05,ET6HF000,late,0.0,13.8211111111,36.98
644,727,Dhenkanal,Visakhapatnam,Gudipada (Old Gangapada),OD19C7055,2017-11-27 19:22:56,9977.74,2017-11-28 05:34:47,0.801574196832,2017-11-27 18:42:01,2017-11-27 00:00:00,2017-11-29 00:00:00,2017-11-29 06:00:17,ETQ1G000,early,0.0,-12.6955555556,10.1975
643,719,Dhenkanal,Visakhapatnam,Gudipada (Old Gangapada),OD06A0121,2017-12-04 19:40:15,7085.42,2017-12-05 04:03:36,0.690897327174,2017-12-04 17:02:02,2017-12-04 00:00:00,2017-12-06 00:00:00,2017-12-06 01:37:57,ET1LG000,early,0.0,-15.4013888889,8.38916666667
642,711,Dhenkanal,Visakhapatnam,Gudipada (Old Gangapada),OD05E2545,2017-11-21 21:44:41,7980.26,2017-11-22 17:29:56,0.966494791964,2017-11-21 20:53:16,2017-11-21 00:00:00,2017-11-23 00:00:00,2017-11-23 11:39:59,ETPDF000,on-time,0.0,-9.22138888889,19.7541666667
641,703,Dhenkanal,Visakhapatnam,Gudipada (Old Gangapada),OD05C9095,2017-11-23 19:37:56,6697.23,2017-11-25 13:38:23,0.830896803932,2017-11-23 16:26:43,2017-11-23 00:00:00,2017-11-25 00:00:00,2017-11-26 05:30:48,ETQNF000,late,0.0,13.0680555556,42.0075
652,790,Dhenkanal,Visakhapatnam,Gudipada (Old Gangapada),OR05Y0479,2017-12-02 16:26:28,9987.72,2017-12-03 03:58:44,0.568515125764,2017-12-02 13:30:06,2017-12-02 00:00:00,2017-12-04 00:00:00,2017-12-04 06:15:57,ETRFG000,on-time,0.0,-7.23583333333,11.5377777778
639,688,Dhenkanal,Visakhapatnam,Gudipada (Old Gangapada),OD05AE7115,2017-11-23 20:42:36,3880.7,2017-11-24 12:11:58,0.547726660559,2017-11-23 15:27:23,2017-11-23 00:00:00,2017-11-25 00:00:00,2017-11-24 23:52:47,ETENF000,early,0.0,-15.5766666667,15.4894444444
638,681,Dhenkanal,Visakhapatnam,Gudipada (Old Gangapada),OD05AD7040,2017-12-04 19:59:01,7831.37,2017-12-05 14:26:17,0.785817483256,2017-12-04 17:05:48,2017-12-04 00:00:00,2017-12-06 00:00:00,2017-12-06 06:18:37,ET3LG000,on-time,0.0,-10.7863888889,18.4544444444
637,674,Dhenkanal,Visakhapatnam,Gudipada (Old Gangapada),OD05AD2545,2017-12-02 18:45:08,3621.75,2017-12-03 17:12:23,0.902220980669,2017-12-02 16:37:57,2017-12-02 00:00:00,2017-12-04 00:00:00,2017-12-04 06:11:06,ETFGG000,on-time,0.0,-10.4475,22.4541666667
636,666,Dhenkanal,Visakhapatnam,Gudipada (Old Gangapada),OD05AD2545,2017-11-27 20:25:38,16139.86,2017-11-28 17:34:47,0.470274170562,2017-11-27 17:59:27,2017-11-27 00:00:00,2017-11-29 00:00:00,2017-11-29 09:43:42,ETP1G000,on-time,0.0,-8.2625,21.1525
633,643,Dhenkanal,Visakhapatnam,Gudipada (Old Gangapada),AP31TH5279,2017-11-22 16:46:58,3996.28,2017-11-22 21:41:08,0.374224015534,2017-11-22 11:28:27,2017-11-22 00:00:00,2017-11-24 00:00:00,2017-11-23 08:19:53,ETYGF000,early,0.0,-27.1427777778,4.90277777778
635,659,Dhenkanal,Visakhapatnam,Gudipada (Old Gangapada),OD05AD2545,2017-11-21 21:34:21,8442.84,2017-11-22 15:33:00,0.366313217193,2017-11-21 19:52:57,2017-11-21 00:00:00,2017-11-23 00:00:00,2017-11-23 06:22:56,ETNDF000,early,0.0,-13.5002777778,17.9775
634,651,Dhenkanal,Visakhapatnam,Gudipada (Old Gangapada),AP31TW4459,2017-11-24 16:52:31,7261.0,2017-11-24 21:33:01,0.872031203256,2017-11-24 15:58:31,2017-11-24 00:00:00,2017-11-26 00:00:00,2017-11-25 09:17:09,ET4RF000,early,0.0,-30.6894444444,4.675
640,695,Dhenkanal,Visakhapatnam,Gudipada (Old Gangapada),OD05AF2711,2017-12-01 19:45:01,5791.35,2017-12-03 07:17:49,0.636945386188,2017-12-01 18:39:50,2017-12-01 00:00:00,2017-12-03 00:00:00,2017-12-03 22:59:28,ETCDG000,on-time,0.0,4.32722222222,35.5466666667
690,712,Dhenkanal,Visakhapatnam,Gurapalli,OD05E2545,2017-11-21 21:44:41,8065.62,2017-11-22 20:42:08,0.76076228935,2017-11-21 20:53:16,2017-11-21 00:00:00,2017-11-23 00:00:00,2017-11-23 11:39:59,ETPDF000,on-time,85.36,-9.22138888889,22.9575
673,583,Dhenkanal,Visakhapatnam,Gurapalli,AP16TY8489,2017-11-27 19:24:15,14639.24,2017-11-28 01:53:40,0.480090547472,2017-11-27 17:31:37,2017-11-27 00:00:00,2017-11-29 00:00:00,2017-11-29 05:34:41,ETK1G000,on-time,86.99,-11.9488888889,6.49027777778
707,847,Dhenkanal,Visakhapatnam,Gurapalli,OR19F9475,2017-11-25 16:16:45,5861.72,2017-11-26 08:54:52,0.600384303306,2017-11-25 13:59:36,2017-11-25 00:00:00,2017-11-27 00:00:00,2017-11-27 05:00:37,ETFUF000,on-time,87.06,-8.98305555556,16.6352777778
672,575,Dhenkanal,Visakhapatnam,Gurapalli,AP16TG9159,2017-11-24 16:53:20,5852.85,2017-11-25 01:12:13,0.814275486187,2017-11-24 15:44:10,2017-11-24 00:00:00,2017-11-26 00:00:00,2017-11-25 20:50:26,ETVQF000,early,87.35,-18.8955555556,8.31472222222
708,855,Dhenkanal,Visakhapatnam,Gurapalli,OR19G5229,2017-11-25 15:20:32,3042.16,2017-11-26 08:47:55,0.761925404362,2017-11-25 13:52:29,2017-11-25 00:00:00,2017-11-27 00:00:00,2017-11-26 23:27:22,ETCUF000,early,87.41,-14.4186111111,17.4563888889
676,605,Dhenkanal,Visakhapatnam,Gurapalli,AP31TC0679,2017-11-25 16:15:11,10031.94,2017-11-26 00:14:18,0.439561627022,2017-11-25 15:12:00,2017-11-25 00:00:00,2017-11-27 00:00:00,2017-11-26 19:08:01,ETMUF000,early,87.6,-20.0663888889,7.98527777778
683,660,Dhenkanal,Visakhapatnam,Gurapalli,OD05AD2545,2017-11-21 21:34:21,8530.46,2017-11-22 18:22:34,0.756286459172,2017-11-21 19:52:57,2017-11-21 00:00:00,2017-11-23 00:00:00,2017-11-23 06:22:56,ETNDF000,early,87.62,-13.5002777778,20.8036111111
677,612,Dhenkanal,Visakhapatnam,Gurapalli,AP31TE8359,2017-11-23 21:19:18,4622.48,2017-11-24 10:14:56,0.802692929106,2017-11-23 16:24:55,2017-11-23 00:00:00,2017-11-25 00:00:00,2017-11-25 07:50:45,ETPNF000,on-time,87.63,-8.56944444444,12.9272222222
697,767,Dhenkanal,Visakhapatnam,Gurapalli,OR05AG0121,2017-11-23 23:33:48,5543.74,2017-11-24 09:16:35,0.886690832582,2017-11-23 15:24:27,2017-11-23 00:00:00,2017-11-25 00:00:00,2017-11-25 01:35:30,ETDNF000,early,87.63,-13.8158333333,9.71305555556
684,667,Dhenkanal,Visakhapatnam,Gurapalli,OD05AD2545,2017-11-27 20:25:38,16227.5,2017-11-28 19:45:07,0.736071911006,2017-11-27 17:59:27,2017-11-27 00:00:00,2017-11-29 00:00:00,2017-11-29 09:43:42,ETP1G000,on-time,87.64,-8.2625,23.3247222222
693,735,Dhenkanal,Visakhapatnam,Gurapalli,OD19J1122,2017-11-22 16:50:20,8226.63,2017-11-24 08:14:10,0.9294251015,2017-11-22 11:32:49,2017-11-22 00:00:00,2017-11-24 00:00:00,2017-11-25 01:22:05,ET6HF000,late,87.7,13.8211111111,39.3972222222
669,557,Dhenkanal,Visakhapatnam,Gurapalli,AP05TU8779,2017-11-25 17:04:52,3555.48,2017-11-26 10:34:01,0.833998490823,2017-11-25 15:17:42,2017-11-25 00:00:00,2017-11-27 00:00:00,2017-11-27 08:16:35,ETUUF000,on-time,87.7,-7.01861111111,17.4858333333
682,652,Dhenkanal,Visakhapatnam,Gurapalli,AP31TW4459,2017-11-24 16:52:31,7348.71,2017-11-25 00:20:43,0.568414325847,2017-11-24 15:58:31,2017-11-24 00:00:00,2017-11-26 00:00:00,2017-11-25 09:17:09,ET4RF000,early,87.71,-30.6894444444,7.47
691,720,Dhenkanal,Visakhapatnam,Gurapalli,OD06A0121,2017-12-04 19:40:15,7173.16,2017-12-05 06:32:01,0.954816078649,2017-12-04 17:02:02,2017-12-04 00:00:00,2017-12-06 00:00:00,2017-12-06 01:37:57,ET1LG000,early,87.74,-15.4013888889,10.8627777778
706,839,Dhenkanal,Visakhapatnam,Gurapalli,OR19F6861,2017-12-01 19:52:27,6965.46,2017-12-02 09:10:10,0.726629726578,2017-12-01 18:25:15,2017-12-01 00:00:00,2017-12-03 00:00:00,2017-12-03 05:16:54,ET7DG000,early,87.76,-13.1391666667,13.2952777778
700,791,Dhenkanal,Visakhapatnam,Gurapalli,OR05Y0479,2017-12-02 16:26:28,10075.5,2017-12-03 06:28:08,0.714367277592,2017-12-02 13:30:06,2017-12-02 00:00:00,2017-12-04 00:00:00,2017-12-04 06:15:57,ETRFG000,on-time,87.78,-7.23583333333,14.0277777778
681,644,Dhenkanal,Visakhapatnam,Gurapalli,AP31TH5279,2017-11-22 16:46:58,4084.07,2017-11-22 23:47:18,0.701306707053,2017-11-22 11:28:27,2017-11-22 00:00:00,2017-11-24 00:00:00,2017-11-23 08:19:53,ETYGF000,early,87.79,-27.1427777778,7.00555555556
665,527,Dhenkanal,Visakhapatnam,Gurapalli,AP05TA4138,2017-11-27 19:23:11,7957.84,2017-11-28 07:27:46,0.590784298174,2017-11-27 17:54:59,2017-11-27 00:00:00,2017-11-29 00:00:00,2017-11-29 06:06:26,ETO1G000,on-time,87.81,-11.8091666667,12.0763888889
688,696,Dhenkanal,Visakhapatnam,Gurapalli,OD05AF2711,2017-12-01 19:45:01,5879.18,2017-12-03 09:13:39,0.895466672041,2017-12-01 18:39:50,2017-12-01 00:00:00,2017-12-03 00:00:00,2017-12-03 22:59:28,ETCDG000,on-time,87.83,4.32722222222,37.4772222222
670,559,Dhenkanal,Visakhapatnam,Gurapalli,AP05V7856,2017-12-01 19:41:46,10286.96,2017-12-02 03:17:27,0.883201309004,2017-12-01 18:29:36,2017-12-01 00:00:00,2017-12-03 00:00:00,2017-12-03 03:55:20,ET8DG000,early,87.87,-14.5711111111,7.59472222222
704,823,Dhenkanal,Visakhapatnam,Gurapalli,OR15S5392,2017-11-24 17:34:47,5212.99,2017-11-25 07:00:28,0.610332560643,2017-11-24 16:05:28,2017-11-24 00:00:00,2017-11-26 00:00:00,2017-11-26 05:44:22,ET9RF000,on-time,87.89,-10.3516666667,13.4280555556
668,549,Dhenkanal,Visakhapatnam,Gurapalli,AP05TG1315,2017-11-23 19:24:54,2730.55,2017-11-24 02:32:00,0.278475767069,2017-11-23 15:15:33,2017-11-23 00:00:00,2017-11-25 00:00:00,2017-11-24 12:43:07,ET9NF000,early,87.89,-26.5405555556,7.11833333333
675,597,Dhenkanal,Visakhapatnam,Gurapalli,AP31TB4579,2017-11-27 19:25:34,11612.95,2017-11-28 02:38:04,0.680758726842,2017-11-27 17:37:24,2017-11-27 00:00:00,2017-11-29 00:00:00,2017-11-28 12:08:16,ETL1G000,early,87.91,-29.4855555556,7.20833333333
698,775,Dhenkanal,Visakhapatnam,Gurapalli,OR05AG3675,2017-11-22 16:46:43,8554.97,2017-11-23 08:26:55,0.816429784924,2017-11-22 10:55:41,2017-11-22 00:00:00,2017-11-24 00:00:00,2017-11-24 05:35:04,ETSGF000,on-time,87.96,-5.34361111111,15.67
666,533,Dhenkanal,Visakhapatnam,Gurapalli,AP05TA9595,2017-12-01 19:24:17,5935.99,2017-12-02 02:19:01,0.98139416946,2017-12-01 18:37:17,2017-12-01 00:00:00,2017-12-03 00:00:00,2017-12-02 11:26:26,ETBDG000,early,87.97,-31.1808333333,6.91222222222
703,815,Dhenkanal,Visakhapatnam,Gurapalli,OR09L2312,2017-12-02 17:38:51,7044.2,2017-12-03 09:13:18,0.988207112298,2017-12-02 13:26:29,2017-12-02 00:00:00,2017-12-04 00:00:00,2017-12-04 06:20:23,ETQFG000,on-time,87.99,-7.10166666667,15.5741666667
696,759,Dhenkanal,Visakhapatnam,Gurapalli,OR04L0172,2017-12-01 19:04:45,5424.84,2017-12-02 09:09:45,0.888510460354,2017-12-01 18:19:00,2017-12-01 00:00:00,2017-12-03 00:00:00,2017-12-03 04:58:27,ET6DG000,early,87.99,-13.3425,14.0833333333
705,831,Dhenkanal,Visakhapatnam,Gurapalli,OR19B9500,2017-11-22 02:01:17,5303.58,2017-11-22 06:07:09,0.772365994095,2017-11-21 20:41:04,2017-11-21 00:00:00,2017-11-23 00:00:00,2017-11-22 22:39:42,ETLDF000,early,88.02,-22.0227777778,4.09777777778
709,863,Dhenkanal,Visakhapatnam,Gurapalli,OR19K0729,2017-11-25 15:20:42,4912.34,2017-11-26 08:47:19,0.961914157299,2017-11-25 13:56:21,2017-11-25 00:00:00,2017-11-27 00:00:00,2017-11-26 23:28:23,ETDUF000,early,88.04,-14.4661111111,17.4436111111
687,689,Dhenkanal,Visakhapatnam,Gurapalli,OD05AE7115,2017-11-23 20:42:36,3968.74,2017-11-24 14:18:24,0.352182595635,2017-11-23 15:27:23,2017-11-23 00:00:00,2017-11-25 00:00:00,2017-11-24 23:52:47,ETENF000,early,88.04,-15.5766666667,17.5966666667
702,807,Dhenkanal,Visakhapatnam,Gurapalli,OR09F4337,2017-11-21 20:58:37,6611.91,2017-11-22 08:03:56,0.728618571547,2017-11-21 20:44:37,2017-11-21 00:00:00,2017-11-23 00:00:00,2017-11-24 05:26:08,ETMDF000,on-time,88.07,8.69194444444,11.0886111111
695,751,Dhenkanal,Visakhapatnam,Gurapalli,OD25C6067,2017-11-25 16:11:41,9470.22,2017-11-26 08:54:45,0.435523309937,2017-11-25 15:13:30,2017-11-25 00:00:00,2017-11-27 00:00:00,2017-11-27 04:17:06,ETPUF000,on-time,88.08,-10.94,16.7177777778
678,620,Dhenkanal,Visakhapatnam,Gurapalli,AP31TE8739,2017-11-23 21:20:05,5722.13,2017-11-24 10:15:32,0.477115352688,2017-11-23 16:23:20,2017-11-23 00:00:00,2017-11-25 00:00:00,2017-11-25 07:50:15,ETONF000,on-time,88.11,-8.55138888889,12.9241666667
686,682,Dhenkanal,Visakhapatnam,Gurapalli,OD05AD7040,2017-12-04 19:59:01,7919.5,2017-12-05 17:46:43,0.592092413421,2017-12-04 17:05:48,2017-12-04 00:00:00,2017-12-06 00:00:00,2017-12-06 06:18:37,ET3LG000,on-time,88.13,-10.7863888889,21.795
712,886,Dhenkanal,Visakhapatnam,Gurapalli,OR19P7575,2017-12-02 19:45:55,12918.08,2017-12-04 00:21:38,0.565113629908,2017-12-02 17:27:46,2017-12-02 00:00:00,2017-12-04 00:00:00,2017-12-04 23:36:44,ETKGG000,on-time,88.21,6.14944444444,28.5952777778
689,704,Dhenkanal,Visakhapatnam,Gurapalli,OD05C9095,2017-11-23 19:37:56,6785.45,2017-11-25 16:56:45,0.68686859646,2017-11-23 16:26:43,2017-11-23 00:00:00,2017-11-25 00:00:00,2017-11-26 05:30:48,ETQNF000,late,88.22,13.0680555556,45.3136111111
692,728,Dhenkanal,Visakhapatnam,Gurapalli,OD19C7055,2017-11-27 19:22:56,10065.96,2017-11-28 07:46:02,0.622578432495,2017-11-27 18:42:01,2017-11-27 00:00:00,2017-11-29 00:00:00,2017-11-29 06:00:17,ETQ1G000,early,88.22,-12.6955555556,12.385
667,541,Dhenkanal,Visakhapatnam,Gurapalli,AP05TD6769,2017-11-25 16:09:58,10296.05,2017-11-25 23:05:00,0.914030145526,2017-11-25 15:13:58,2017-11-25 00:00:00,2017-11-27 00:00:00,2017-11-26 07:25:15,ETQUF000,early,88.23,-31.8119444444,6.91722222222
710,871,Dhenkanal,Visakhapatnam,Gurapalli,OR19M1877,2017-12-04 19:56:26,5869.65,2017-12-05 23:15:02,0.701964855127,2017-12-04 17:03:43,2017-12-04 00:00:00,2017-12-06 00:00:00,2017-12-06 14:19:06,ET2LG000,on-time,88.25,-2.74361111111,27.31
711,878,Dhenkanal,Visakhapatnam,Gurapalli,OR19P7575,2017-11-25 16:42:53,7603.42,2017-11-26 08:17:09,0.695147889026,2017-11-25 14:05:41,2017-11-25 00:00:00,2017-11-27 00:00:00,2017-11-27 09:16:48,ETJUF000,on-time,88.26,-4.81472222222,15.5711111111
680,630,Dhenkanal,Visakhapatnam,Gurapalli,AP31TG1179,2017-11-24 20:51:51,834.55,2017-11-25 00:21:01,0.394817052858,2017-11-24 18:23:38,2017-11-24 00:00:00,2017-11-26 00:00:00,2017-11-25 08:40:09,ETQRF000,early,88.28,-33.7247222222,3.48611111111
679,629,Dhenkanal,Visakhapatnam,Gurapalli,AP31TG1179,2017-11-24 20:51:51,834.55,2017-11-25 00:21:01,0.394817052858,2017-11-24 18:23:38,2017-11-24 00:00:00,2017-11-26 00:00:00,2017-11-25 08:40:09,ETSRF000,early,88.28,-33.7247222222,3.48611111111
694,743,Dhenkanal,Visakhapatnam,Gurapalli,OD19J9951,2017-11-27 19:07:56,7055.24,2017-11-28 08:10:30,0.649894675747,2017-11-27 17:50:46,2017-11-27 00:00:00,2017-11-29 00:00:00,2017-11-29 06:18:59,ETN1G000,on-time,88.29,-11.5297222222,13.0427777778
674,591,Dhenkanal,Visakhapatnam,Gurapalli,AP30W4599,2017-12-01 19:41:49,5623.56,2017-12-02 03:18:00,0.742700195759,2017-12-01 18:26:30,2017-12-01 00:00:00,2017-12-03 00:00:00,2017-12-03 07:30:04,ET9DG000,on-time,88.41,-10.9405555556,7.60305555556
685,675,Dhenkanal,Visakhapatnam,Gurapalli,OD05AD2545,2017-12-02 18:45:08,3710.19,2017-12-03 19:24:39,0.499974193942,2017-12-02 16:37:57,2017-12-02 00:00:00,2017-12-04 00:00:00,2017-12-04 06:11:06,ETFGG000,on-time,88.44,-10.4475,24.6586111111
699,783,Dhenkanal,Visakhapatnam,Gurapalli,OR05AL5559,2017-11-22 17:29:38,5311.51,2017-11-23 08:34:39,0.394264350342,2017-11-22 11:30:03,2017-11-22 00:00:00,2017-11-24 00:00:00,2017-11-24 05:25:14,ET0HF000,on-time,88.52,-6.08027777778,15.0836111111
701,799,Dhenkanal,Visakhapatnam,Gurapalli,OR09D8796,2017-11-24 17:43:26,5227.25,2017-11-25 07:04:19,0.320927887533,2017-11-24 16:01:13,2017-11-24 00:00:00,2017-11-26 00:00:00,2017-11-26 05:44:40,ET6RF000,on-time,88.7,-10.2758333333,13.3480555556
671,567,Dhenkanal,Visakhapatnam,Gurapalli,AP16TE6019,2017-11-21 20:58:56,10766.41,2017-11-22 09:36:06,0.376371335093,2017-11-21 20:44:13,2017-11-21 00:00:00,2017-11-23 00:00:00,2017-11-23 08:00:10,ETODF000,early,90.73,-12.7341666667,12.6194444444
532,584,Dhenkanal,Visakhapatnam,Bellupada,AP16TY8489,2017-11-27 19:24:15,14717.86,2017-11-28 05:46:44,0.693141492931,2017-11-27 17:31:37,2017-11-27 00:00:00,2017-11-29 00:00:00,2017-11-29 05:34:41,ETK1G000,on-time,165.61,-11.9488888889,10.3747222222
541,661,Dhenkanal,Visakhapatnam,Bellupada,OD05AD2545,2017-11-21 21:34:21,8609.02,2017-11-22 20:35:10,0.655464196339,2017-11-21 19:52:57,2017-11-21 00:00:00,2017-11-23 00:00:00,2017-11-23 06:22:56,ETNDF000,early,166.18,-13.5002777778,23.0136111111
548,713,Dhenkanal,Visakhapatnam,Bellupada,OD05E2545,2017-11-21 21:44:41,8149.27,2017-11-23 00:45:15,0.750295237853,2017-11-21 20:53:16,2017-11-21 00:00:00,2017-11-23 00:00:00,2017-11-23 11:39:59,ETPDF000,on-time,169.01,-9.22138888889,27.0094444444
566,856,Dhenkanal,Visakhapatnam,Bellupada,OR19G5229,2017-11-25 15:20:32,3124.21,2017-11-26 13:05:18,0.661710940768,2017-11-25 13:52:29,2017-11-25 00:00:00,2017-11-27 00:00:00,2017-11-26 23:27:22,ETCUF000,early,169.46,-14.4186111111,21.7461111111
565,848,Dhenkanal,Visakhapatnam,Bellupada,OR19F9475,2017-11-25 16:16:45,5945.22,2017-11-26 13:12:38,0.908377930108,2017-11-25 13:59:36,2017-11-25 00:00:00,2017-11-27 00:00:00,2017-11-27 05:00:37,ETFUF000,on-time,170.56,-8.98305555556,20.9313888889
535,613,Dhenkanal,Visakhapatnam,Bellupada,AP31TE8359,2017-11-23 21:19:18,4705.82,2017-11-24 15:32:09,0.943998436945,2017-11-23 16:24:55,2017-11-23 00:00:00,2017-11-25 00:00:00,2017-11-25 07:50:45,ETPNF000,on-time,170.97,-8.56944444444,18.2141666667
531,576,Dhenkanal,Visakhapatnam,Bellupada,AP16TG9159,2017-11-24 16:53:20,5936.59,2017-11-25 07:39:17,0.772210408085,2017-11-24 15:44:10,2017-11-24 00:00:00,2017-11-26 00:00:00,2017-11-25 20:50:26,ETVQF000,early,171.09,-18.8955555556,14.7658333333
534,606,Dhenkanal,Visakhapatnam,Bellupada,AP31TC0679,2017-11-25 16:15:11,10115.57,2017-11-26 07:57:10,0.807408984597,2017-11-25 15:12:00,2017-11-25 00:00:00,2017-11-27 00:00:00,2017-11-26 19:08:01,ETMUF000,early,171.23,-20.0663888889,15.6997222222
528,550,Dhenkanal,Visakhapatnam,Bellupada,AP05TG1315,2017-11-23 19:24:54,2813.92,2017-11-24 04:47:02,0.654867008287,2017-11-23 15:15:33,2017-11-23 00:00:00,2017-11-25 00:00:00,2017-11-24 12:43:07,ET9NF000,early,171.26,-26.5405555556,9.36888888889
540,653,Dhenkanal,Visakhapatnam,Bellupada,AP31TW4459,2017-11-24 16:52:31,7432.32,2017-11-25 02:21:24,0.460183728502,2017-11-24 15:58:31,2017-11-24 00:00:00,2017-11-26 00:00:00,2017-11-25 09:17:09,ET4RF000,early,171.32,-30.6894444444,9.48138888889
562,824,Dhenkanal,Visakhapatnam,Bellupada,OR15S5392,2017-11-24 17:34:47,5296.51,2017-11-25 10:59:12,0.671043090991,2017-11-24 16:05:28,2017-11-24 00:00:00,2017-11-26 00:00:00,2017-11-26 05:44:22,ET9RF000,on-time,171.41,-10.3516666667,17.4069444444
538,632,Dhenkanal,Visakhapatnam,Bellupada,AP31TG1179,2017-11-24 20:51:51,917.72,2017-11-25 02:21:18,0.82105656421,2017-11-24 18:23:38,2017-11-24 00:00:00,2017-11-26 00:00:00,2017-11-25 08:40:09,ETQRF000,early,171.45,-33.7247222222,5.49083333333
537,631,Dhenkanal,Visakhapatnam,Bellupada,AP31TG1179,2017-11-24 20:51:51,917.72,2017-11-25 02:21:18,0.82105656421,2017-11-24 18:23:38,2017-11-24 00:00:00,2017-11-26 00:00:00,2017-11-25 08:40:09,ETSRF000,early,171.45,-33.7247222222,5.49083333333
551,736,Dhenkanal,Visakhapatnam,Bellupada,OD19J1122,2017-11-22 16:50:20,8310.43,2017-11-24 11:53:50,0.890432584264,2017-11-22 11:32:49,2017-11-22 00:00:00,2017-11-24 00:00:00,2017-11-25 01:22:05,ET6HF000,late,171.5,13.8211111111,43.0583333333
536,621,Dhenkanal,Visakhapatnam,Bellupada,AP31TE8739,2017-11-23 21:20:05,5805.53,2017-11-24 15:32:30,0.755364231267,2017-11-23 16:23:20,2017-11-23 00:00:00,2017-11-25 00:00:00,2017-11-25 07:50:15,ETONF000,on-time,171.51,-8.55138888889,18.2069444444
558,792,Dhenkanal,Visakhapatnam,Bellupada,OR05Y0479,2017-12-02 16:26:28,10159.25,2017-12-03 09:50:04,0.559899390157,2017-12-02 13:30:06,2017-12-02 00:00:00,2017-12-04 00:00:00,2017-12-04 06:15:57,ETRFG000,on-time,171.53,-7.23583333333,17.3933333333
560,808,Dhenkanal,Visakhapatnam,Bellupada,OR09F4337,2017-11-21 20:58:37,6695.37,2017-11-22 12:19:57,0.840687421679,2017-11-21 20:44:37,2017-11-21 00:00:00,2017-11-23 00:00:00,2017-11-24 05:26:08,ETMDF000,on-time,171.53,8.69194444444,15.3555555556
550,729,Dhenkanal,Visakhapatnam,Bellupada,OD19C7055,2017-11-27 19:22:56,10149.29,2017-11-28 11:37:01,0.722324153472,2017-11-27 18:42:01,2017-11-27 00:00:00,2017-11-29 00:00:00,2017-11-29 06:00:17,ETQ1G000,early,171.55,-12.6955555556,16.2347222222
553,752,Dhenkanal,Visakhapatnam,Bellupada,OD25C6067,2017-11-25 16:11:41,9553.74,2017-11-26 15:08:47,0.636479732376,2017-11-25 15:13:30,2017-11-25 00:00:00,2017-11-27 00:00:00,2017-11-27 04:17:06,ETPUF000,on-time,171.6,-10.94,22.9516666667
569,887,Dhenkanal,Visakhapatnam,Bellupada,OR19P7575,2017-12-02 19:45:55,13001.51,2017-12-04 12:07:56,0.707212426047,2017-12-02 17:27:46,2017-12-02 00:00:00,2017-12-04 00:00:00,2017-12-04 23:36:44,ETKGG000,on-time,171.64,6.14944444444,40.3669444444
542,668,Dhenkanal,Visakhapatnam,Bellupada,OD05AD2545,2017-11-27 20:25:38,16311.51,2017-11-28 22:59:51,0.423109947234,2017-11-27 17:59:27,2017-11-27 00:00:00,2017-11-29 00:00:00,2017-11-29 09:43:42,ETP1G000,on-time,171.65,-8.2625,26.5702777778
552,744,Dhenkanal,Visakhapatnam,Bellupada,OD19J9951,2017-11-27 19:07:56,7138.67,2017-11-28 11:30:13,0.798895298033,2017-11-27 17:50:46,2017-11-27 00:00:00,2017-11-29 00:00:00,2017-11-29 06:18:59,ETN1G000,on-time,171.72,-11.5297222222,16.3713888889
543,676,Dhenkanal,Visakhapatnam,Bellupada,OD05AD2545,2017-12-02 18:45:08,3793.47,2017-12-03 22:31:21,0.875333371187,2017-12-02 16:37:57,2017-12-02 00:00:00,2017-12-04 00:00:00,2017-12-04 06:11:06,ETFGG000,on-time,171.72,-10.4475,27.7702777778
554,760,Dhenkanal,Visakhapatnam,Bellupada,OR04L0172,2017-12-01 19:04:45,5508.6,2017-12-02 12:43:36,0.707148785961,2017-12-01 18:19:00,2017-12-01 00:00:00,2017-12-03 00:00:00,2017-12-03 04:58:27,ET6DG000,early,171.75,-13.3425,17.6475
564,840,Dhenkanal,Visakhapatnam,Bellupada,OR19F6861,2017-12-01 19:52:27,7049.47,2017-12-02 12:44:13,0.590576805913,2017-12-01 18:25:15,2017-12-01 00:00:00,2017-12-03 00:00:00,2017-12-03 05:16:54,ET7DG000,early,171.77,-13.1391666667,16.8627777778
568,879,Dhenkanal,Visakhapatnam,Bellupada,OR19P7575,2017-11-25 16:42:53,7686.98,2017-11-26 13:39:54,0.635300858452,2017-11-25 14:05:41,2017-11-25 00:00:00,2017-11-27 00:00:00,2017-11-27 09:16:48,ETJUF000,on-time,171.82,-4.81472222222,20.9502777778
529,560,Dhenkanal,Visakhapatnam,Bellupada,AP05V7856,2017-12-01 19:41:46,10370.93,2017-12-02 05:49:50,0.744350014379,2017-12-01 18:29:36,2017-12-01 00:00:00,2017-12-03 00:00:00,2017-12-03 03:55:20,ET8DG000,early,171.84,-14.5711111111,10.1344444444
563,832,Dhenkanal,Visakhapatnam,Bellupada,OR19B9500,2017-11-22 02:01:17,5387.41,2017-11-22 10:10:05,0.812795814611,2017-11-21 20:41:04,2017-11-21 00:00:00,2017-11-23 00:00:00,2017-11-22 22:39:42,ETLDF000,early,171.85,-22.0227777778,8.14666666667
549,721,Dhenkanal,Visakhapatnam,Bellupada,OD06A0121,2017-12-04 19:40:15,7257.29,2017-12-05 09:01:25,0.583003665364,2017-12-04 17:02:02,2017-12-04 00:00:00,2017-12-06 00:00:00,2017-12-06 01:37:57,ET1LG000,early,171.87,-15.4013888889,13.3527777778
567,864,Dhenkanal,Visakhapatnam,Bellupada,OR19K0729,2017-11-25 15:20:42,4996.2,2017-11-26 13:05:25,0.81853025757,2017-11-25 13:56:21,2017-11-25 00:00:00,2017-11-27 00:00:00,2017-11-26 23:28:23,ETDUF000,early,171.9,-14.4661111111,21.7452777778
555,768,Dhenkanal,Visakhapatnam,Bellupada,OR05AG0121,2017-11-23 23:33:48,5628.02,2017-11-24 13:43:18,0.728327334591,2017-11-23 15:24:27,2017-11-23 00:00:00,2017-11-25 00:00:00,2017-11-25 01:35:30,ETDNF000,early,171.91,-13.8158333333,14.1583333333
547,705,Dhenkanal,Visakhapatnam,Bellupada,OD05C9095,2017-11-23 19:37:56,6869.19,2017-11-25 21:36:59,0.402261541248,2017-11-23 16:26:43,2017-11-23 00:00:00,2017-11-25 00:00:00,2017-11-26 05:30:48,ETQNF000,late,171.96,13.0680555556,49.9841666667
526,534,Dhenkanal,Visakhapatnam,Bellupada,AP05TA9595,2017-12-01 19:24:17,6020.0,2017-12-02 04:23:40,0.886301510001,2017-12-01 18:37:17,2017-12-01 00:00:00,2017-12-03 00:00:00,2017-12-02 11:26:26,ETBDG000,early,171.98,-31.1808333333,8.98972222222
545,690,Dhenkanal,Visakhapatnam,Bellupada,OD05AE7115,2017-11-23 20:42:36,4052.69,2017-11-24 18:57:32,0.188384456091,2017-11-23 15:27:23,2017-11-23 00:00:00,2017-11-25 00:00:00,2017-11-24 23:52:47,ETENF000,early,171.99,-15.5766666667,22.2488888889
539,645,Dhenkanal,Visakhapatnam,Bellupada,AP31TH5279,2017-11-22 16:46:58,4168.28,2017-11-23 02:01:35,0.304268071165,2017-11-22 11:28:27,2017-11-22 00:00:00,2017-11-24 00:00:00,2017-11-23 08:19:53,ETYGF000,early,172.0,-27.1427777778,9.24361111111
544,683,Dhenkanal,Visakhapatnam,Bellupada,OD05AD7040,2017-12-04 19:59:01,8003.41,2017-12-05 21:07:41,0.250503873229,2017-12-04 17:05:48,2017-12-04 00:00:00,2017-12-06 00:00:00,2017-12-06 06:18:37,ET3LG000,on-time,172.04,-10.7863888889,25.1444444444
557,784,Dhenkanal,Visakhapatnam,Bellupada,OR05AL5559,2017-11-22 17:29:38,5395.09,2017-11-23 12:44:07,0.431488141828,2017-11-22 11:30:03,2017-11-22 00:00:00,2017-11-24 00:00:00,2017-11-24 05:25:14,ET0HF000,on-time,172.1,-6.08027777778,19.2413888889
556,776,Dhenkanal,Visakhapatnam,Bellupada,OR05AG3675,2017-11-22 16:46:43,8639.12,2017-11-23 17:28:56,0.679193006932,2017-11-22 10:55:41,2017-11-22 00:00:00,2017-11-24 00:00:00,2017-11-24 05:35:04,ETSGF000,on-time,172.11,-5.34361111111,24.7036111111
546,697,Dhenkanal,Visakhapatnam,Bellupada,OD05AF2711,2017-12-01 19:45:01,5963.51,2017-12-03 12:01:01,0.357637544972,2017-12-01 18:39:50,2017-12-01 00:00:00,2017-12-03 00:00:00,2017-12-03 22:59:28,ETCDG000,on-time,172.16,4.32722222222,40.2666666667
533,598,Dhenkanal,Visakhapatnam,Bellupada,AP31TB4579,2017-11-27 19:25:34,11697.24,2017-11-28 04:43:37,0.308901982026,2017-11-27 17:37:24,2017-11-27 00:00:00,2017-11-29 00:00:00,2017-11-28 12:08:16,ETL1G000,early,172.2,-29.4855555556,9.30083333333
561,816,Dhenkanal,Visakhapatnam,Bellupada,OR09L2312,2017-12-02 17:38:51,7128.45,2017-12-03 13:25:51,0.501832590322,2017-12-02 13:26:29,2017-12-02 00:00:00,2017-12-04 00:00:00,2017-12-04 06:20:23,ETQFG000,on-time,172.24,-7.10166666667,19.7833333333
527,542,Dhenkanal,Visakhapatnam,Bellupada,AP05TD6769,2017-11-25 16:09:58,10380.33,2017-11-26 01:56:02,0.674619210296,2017-11-25 15:13:58,2017-11-25 00:00:00,2017-11-27 00:00:00,2017-11-26 07:25:15,ETQUF000,early,172.51,-31.8119444444,9.76777777778
559,800,Dhenkanal,Visakhapatnam,Bellupada,OR09D8796,2017-11-24 17:43:26,5311.23,2017-11-25 10:59:47,0.256860904657,2017-11-24 16:01:13,2017-11-24 00:00:00,2017-11-26 00:00:00,2017-11-26 05:44:40,ET6RF000,on-time,172.68,-10.2758333333,17.2725
530,568,Dhenkanal,Visakhapatnam,Bellupada,AP16TE6019,2017-11-21 20:58:56,10849.07,2017-11-22 23:47:12,0.390311879131,2017-11-21 20:44:13,2017-11-21 00:00:00,2017-11-23 00:00:00,2017-11-23 08:00:10,ETODF000,early,173.39,-12.7341666667,26.8044444444
767,585,Dhenkanal,Visakhapatnam,Madapam,AP16TY8489,2017-11-27 19:24:15,14821.83,2017-11-29 02:24:28,0.732871928395,2017-11-27 17:31:37,2017-11-27 00:00:00,2017-11-29 00:00:00,2017-11-29 05:34:41,ETK1G000,on-time,269.58,-11.9488888889,31.0036111111
785,730,Dhenkanal,Visakhapatnam,Madapam,OD19C7055,2017-11-27 19:22:56,10255.16,2017-11-28 18:11:25,0.938176792379,2017-11-27 18:42:01,2017-11-27 00:00:00,2017-11-29 00:00:00,2017-11-29 06:00:17,ETQ1G000,early,277.42,-12.6955555556,22.8080555556
776,662,Dhenkanal,Visakhapatnam,Madapam,OD05AD2545,2017-11-21 21:34:21,8725.29,2017-11-23 03:06:44,0.361558503639,2017-11-21 19:52:57,2017-11-21 00:00:00,2017-11-23 00:00:00,2017-11-23 06:22:56,ETNDF000,early,282.45,-13.5002777778,29.5397222222
783,714,Dhenkanal,Visakhapatnam,Madapam,OD05E2545,2017-11-21 21:44:41,8265.11,2017-11-23 05:39:21,0.841189410034,2017-11-21 20:53:16,2017-11-21 00:00:00,2017-11-23 00:00:00,2017-11-23 11:39:59,ETPDF000,on-time,284.85,-9.22138888889,31.9111111111
801,857,Dhenkanal,Visakhapatnam,Madapam,OR19G5229,2017-11-25 15:20:32,3239.72,2017-11-26 16:58:30,0.741477189577,2017-11-25 13:52:29,2017-11-25 00:00:00,2017-11-27 00:00:00,2017-11-26 23:27:22,ETCUF000,early,284.97,-14.4186111111,25.6327777778
800,849,Dhenkanal,Visakhapatnam,Madapam,OR19F9475,2017-11-25 16:16:45,6061.21,2017-11-26 19:10:46,0.931516296703,2017-11-25 13:59:36,2017-11-25 00:00:00,2017-11-27 00:00:00,2017-11-27 05:00:37,ETFUF000,on-time,286.55,-8.98305555556,26.9002777778
760,528,Dhenkanal,Visakhapatnam,Madapam,AP05TA4138,2017-11-27 19:23:11,8156.62,2017-11-29 03:01:16,0.385034904567,2017-11-27 17:54:59,2017-11-27 00:00:00,2017-11-29 00:00:00,2017-11-29 06:06:26,ETO1G000,on-time,286.59,-11.8091666667,31.6347222222
763,551,Dhenkanal,Visakhapatnam,Madapam,AP05TG1315,2017-11-23 19:24:54,2929.37,2017-11-24 07:36:22,0.995674161596,2017-11-23 15:15:33,2017-11-23 00:00:00,2017-11-25 00:00:00,2017-11-24 12:43:07,ET9NF000,early,286.71,-26.5405555556,12.1911111111
789,761,Dhenkanal,Visakhapatnam,Madapam,OR04L0172,2017-12-01 19:04:45,5623.57,2017-12-02 19:54:44,0.696371073044,2017-12-01 18:19:00,2017-12-01 00:00:00,2017-12-03 00:00:00,2017-12-03 04:58:27,ET6DG000,early,286.72,-13.3425,24.8330555556
770,614,Dhenkanal,Visakhapatnam,Madapam,AP31TE8359,2017-11-23 21:19:18,4821.66,2017-11-24 20:41:47,0.893452008051,2017-11-23 16:24:55,2017-11-23 00:00:00,2017-11-25 00:00:00,2017-11-25 07:50:45,ETPNF000,on-time,286.81,-8.56944444444,23.3747222222
775,654,Dhenkanal,Visakhapatnam,Madapam,AP31TW4459,2017-11-24 16:52:31,7547.87,2017-11-25 05:05:47,0.715523572488,2017-11-24 15:58:31,2017-11-24 00:00:00,2017-11-26 00:00:00,2017-11-25 09:17:09,ET4RF000,early,286.87,-30.6894444444,12.2211111111
764,561,Dhenkanal,Visakhapatnam,Madapam,AP05V7856,2017-12-01 19:41:46,10486.03,2017-12-02 23:13:31,0.587296938939,2017-12-01 18:29:36,2017-12-01 00:00:00,2017-12-03 00:00:00,2017-12-03 03:55:20,ET8DG000,early,286.94,-14.5711111111,27.5291666667
790,769,Dhenkanal,Visakhapatnam,Madapam,OR05AG0121,2017-11-23 23:33:48,5743.13,2017-11-24 19:37:36,0.768549660057,2017-11-23 15:24:27,2017-11-23 00:00:00,2017-11-25 00:00:00,2017-11-25 01:35:30,ETDNF000,early,287.02,-13.8158333333,20.0633333333
772,633,Dhenkanal,Visakhapatnam,Madapam,AP31TG1179,2017-11-24 20:51:51,1033.32,2017-11-25 05:05:35,0.981070956051,2017-11-24 18:23:38,2017-11-24 00:00:00,2017-11-26 00:00:00,2017-11-25 08:40:09,ETSRF000,early,287.05,-33.7247222222,8.22888888889
805,888,Dhenkanal,Visakhapatnam,Madapam,OR19P7575,2017-12-02 19:45:55,13116.92,2017-12-04 18:44:40,0.922371326004,2017-12-02 17:27:46,2017-12-02 00:00:00,2017-12-04 00:00:00,2017-12-04 23:36:44,ETKGG000,on-time,287.05,6.14944444444,46.9791666667
773,634,Dhenkanal,Visakhapatnam,Madapam,AP31TG1179,2017-11-24 20:51:51,1033.32,2017-11-25 05:05:35,0.981070956051,2017-11-24 18:23:38,2017-11-24 00:00:00,2017-11-26 00:00:00,2017-11-25 08:40:09,ETQRF000,early,287.05,-33.7247222222,8.22888888889
795,809,Dhenkanal,Visakhapatnam,Madapam,OR09F4337,2017-11-21 20:58:37,6810.9,2017-11-22 16:58:10,0.800993628165,2017-11-21 20:44:37,2017-11-21 00:00:00,2017-11-23 00:00:00,2017-11-24 05:26:08,ETMDF000,on-time,287.06,8.69194444444,19.9925
777,669,Dhenkanal,Visakhapatnam,Madapam,OD05AD2545,2017-11-27 20:25:38,16426.93,2017-11-29 05:57:23,0.816971599171,2017-11-27 17:59:27,2017-11-27 00:00:00,2017-11-29 00:00:00,2017-11-29 09:43:42,ETP1G000,on-time,287.07,-8.2625,33.5291666667
766,577,Dhenkanal,Visakhapatnam,Madapam,AP16TG9159,2017-11-24 16:53:20,6052.66,2017-11-25 14:13:58,0.59173321836,2017-11-24 15:44:10,2017-11-24 00:00:00,2017-11-26 00:00:00,2017-11-25 20:50:26,ETVQF000,early,287.16,-18.8955555556,21.3438888889
782,706,Dhenkanal,Visakhapatnam,Madapam,OD05C9095,2017-11-23 19:37:56,6984.44,2017-11-26 01:05:26,0.909592944096,2017-11-23 16:26:43,2017-11-23 00:00:00,2017-11-25 00:00:00,2017-11-26 05:30:48,ETQNF000,late,287.21,13.0680555556,53.4583333333
803,872,Dhenkanal,Visakhapatnam,Madapam,OR19M1877,2017-12-04 19:56:26,6068.62,2017-12-06 09:54:14,0.714769969334,2017-12-04 17:03:43,2017-12-04 00:00:00,2017-12-06 00:00:00,2017-12-06 14:19:06,ET2LG000,on-time,287.22,-2.74361111111,37.9633333333
797,825,Dhenkanal,Visakhapatnam,Madapam,OR15S5392,2017-11-24 17:34:47,5412.38,2017-11-25 19:05:25,0.940817445161,2017-11-24 16:05:28,2017-11-24 00:00:00,2017-11-26 00:00:00,2017-11-26 05:44:22,ET9RF000,on-time,287.28,-10.3516666667,25.5105555556
788,753,Dhenkanal,Visakhapatnam,Madapam,OD25C6067,2017-11-25 16:11:41,9669.43,2017-11-26 19:41:10,0.812889901675,2017-11-25 15:13:30,2017-11-25 00:00:00,2017-11-27 00:00:00,2017-11-27 04:17:06,ETPUF000,on-time,287.29,-10.94,27.4913888889
793,793,Dhenkanal,Visakhapatnam,Madapam,OR05Y0479,2017-12-02 16:26:28,10275.02,2017-12-03 20:13:03,0.561242015836,2017-12-02 13:30:06,2017-12-02 00:00:00,2017-12-04 00:00:00,2017-12-04 06:15:57,ETRFG000,on-time,287.3,-7.23583333333,27.7763888889
780,691,Dhenkanal,Visakhapatnam,Madapam,OD05AE7115,2017-11-23 20:42:36,4168.02,2017-11-24 21:22:47,0.722037168412,2017-11-23 15:27:23,2017-11-23 00:00:00,2017-11-25 00:00:00,2017-11-24 23:52:47,ETENF000,early,287.32,-15.5766666667,24.6697222222
799,841,Dhenkanal,Visakhapatnam,Madapam,OR19F6861,2017-12-01 19:52:27,7165.11,2017-12-02 19:54:48,0.856691357161,2017-12-01 18:25:15,2017-12-01 00:00:00,2017-12-03 00:00:00,2017-12-03 05:16:54,ET7DG000,early,287.41,-13.1391666667,24.0391666667
779,684,Dhenkanal,Visakhapatnam,Madapam,OD05AD7040,2017-12-04 19:59:01,8118.82,2017-12-06 04:13:14,0.688111226603,2017-12-04 17:05:48,2017-12-04 00:00:00,2017-12-06 00:00:00,2017-12-06 06:18:37,ET3LG000,on-time,287.45,-10.7863888889,32.2369444444
771,622,Dhenkanal,Visakhapatnam,Madapam,AP31TE8739,2017-11-23 21:20:05,5921.48,2017-11-24 20:41:15,0.385833448384,2017-11-23 16:23:20,2017-11-23 00:00:00,2017-11-25 00:00:00,2017-11-25 07:50:15,ETONF000,on-time,287.46,-8.55138888889,23.3527777778
804,880,Dhenkanal,Visakhapatnam,Madapam,OR19P7575,2017-11-25 16:42:53,7802.69,2017-11-26 21:28:40,0.492393949277,2017-11-25 14:05:41,2017-11-25 00:00:00,2017-11-27 00:00:00,2017-11-27 09:16:48,ETJUF000,on-time,287.53,-4.81472222222,28.7630555556
798,833,Dhenkanal,Visakhapatnam,Madapam,OR19B9500,2017-11-22 02:01:17,5503.13,2017-11-22 14:06:03,0.976875041652,2017-11-21 20:41:04,2017-11-21 00:00:00,2017-11-23 00:00:00,2017-11-22 22:39:42,ETLDF000,early,287.57,-22.0227777778,12.0794444444
774,646,Dhenkanal,Visakhapatnam,Madapam,AP31TH5279,2017-11-22 16:46:58,4283.92,2017-11-23 04:42:45,0.607801439396,2017-11-22 11:28:27,2017-11-22 00:00:00,2017-11-24 00:00:00,2017-11-23 08:19:53,ETYGF000,early,287.64,-27.1427777778,11.9297222222
778,677,Dhenkanal,Visakhapatnam,Madapam,OD05AD2545,2017-12-02 18:45:08,3909.43,2017-12-04 01:09:32,0.731945938202,2017-12-02 16:37:57,2017-12-02 00:00:00,2017-12-04 00:00:00,2017-12-04 06:11:06,ETFGG000,on-time,287.68,-10.4475,30.4066666667
791,777,Dhenkanal,Visakhapatnam,Madapam,OR05AG3675,2017-11-22 16:46:43,8754.8,2017-11-23 21:07:18,0.694237554197,2017-11-22 10:55:41,2017-11-22 00:00:00,2017-11-24 00:00:00,2017-11-24 05:35:04,ETSGF000,on-time,287.79,-5.34361111111,28.3430555556
802,865,Dhenkanal,Visakhapatnam,Madapam,OR19K0729,2017-11-25 15:20:42,5112.1,2017-11-26 16:58:42,0.656249066801,2017-11-25 13:56:21,2017-11-25 00:00:00,2017-11-27 00:00:00,2017-11-26 23:28:23,ETDUF000,early,287.8,-14.4661111111,25.6333333333
769,599,Dhenkanal,Visakhapatnam,Madapam,AP31TB4579,2017-11-27 19:25:34,11812.93,2017-11-28 07:18:55,0.381602952674,2017-11-27 17:37:24,2017-11-27 00:00:00,2017-11-29 00:00:00,2017-11-28 12:08:16,ETL1G000,early,287.89,-29.4855555556,11.8891666667
796,817,Dhenkanal,Visakhapatnam,Madapam,OR09L2312,2017-12-02 17:38:51,7244.15,2017-12-03 20:11:25,0.5704168787,2017-12-02 13:26:29,2017-12-02 00:00:00,2017-12-04 00:00:00,2017-12-04 06:20:23,ETQFG000,on-time,287.94,-7.10166666667,26.5427777778
787,745,Dhenkanal,Visakhapatnam,Madapam,OD19J9951,2017-11-27 19:07:56,7254.9,2017-11-28 18:23:58,0.318583419343,2017-11-27 17:50:46,2017-11-27 00:00:00,2017-11-29 00:00:00,2017-11-29 06:18:59,ETN1G000,on-time,287.95,-11.5297222222,23.2672222222
784,722,Dhenkanal,Visakhapatnam,Madapam,OD06A0121,2017-12-04 19:40:15,7373.4,2017-12-05 19:09:23,0.244585107247,2017-12-04 17:02:02,2017-12-04 00:00:00,2017-12-06 00:00:00,2017-12-06 01:37:57,ET1LG000,early,287.98,-15.4013888889,23.4855555556
781,698,Dhenkanal,Visakhapatnam,Madapam,OD05AF2711,2017-12-01 19:45:01,6079.37,2017-12-03 19:03:32,0.265127883039,2017-12-01 18:39:50,2017-12-01 00:00:00,2017-12-03 00:00:00,2017-12-03 22:59:28,ETCDG000,on-time,288.02,4.32722222222,47.3086111111
761,535,Dhenkanal,Visakhapatnam,Madapam,AP05TA9595,2017-12-01 19:24:17,6136.09,2017-12-02 07:10:04,0.539828239696,2017-12-01 18:37:17,2017-12-01 00:00:00,2017-12-03 00:00:00,2017-12-02 11:26:26,ETBDG000,early,288.07,-31.1808333333,11.7630555556
762,543,Dhenkanal,Visakhapatnam,Madapam,AP05TD6769,2017-11-25 16:09:58,10496.04,2017-11-26 04:14:43,0.736710232272,2017-11-25 15:13:58,2017-11-25 00:00:00,2017-11-27 00:00:00,2017-11-26 07:25:15,ETQUF000,early,288.22,-31.8119444444,12.0791666667
794,801,Dhenkanal,Visakhapatnam,Madapam,OR09D8796,2017-11-24 17:43:26,5427.03,2017-11-25 19:08:33,0.760848203339,2017-11-24 16:01:13,2017-11-24 00:00:00,2017-11-26 00:00:00,2017-11-26 05:44:40,ET6RF000,on-time,288.48,-10.2758333333,25.4186111111
765,569,Dhenkanal,Visakhapatnam,Madapam,AP16TE6019,2017-11-21 20:58:56,10964.91,2017-11-23 04:27:36,0.30442524847,2017-11-21 20:44:13,2017-11-21 00:00:00,2017-11-23 00:00:00,2017-11-23 08:00:10,ETODF000,early,289.23,-12.7341666667,31.4777777778
786,737,Dhenkanal,Visakhapatnam,Madapam,OD19J1122,2017-11-22 16:50:20,8428.48,2017-11-24 20:47:19,0.415772231602,2017-11-22 11:32:49,2017-11-22 00:00:00,2017-11-24 00:00:00,2017-11-25 01:22:05,ET6HF000,late,289.55,13.8211111111,51.9497222222
792,785,Dhenkanal,Visakhapatnam,Madapam,OR05AL5559,2017-11-22 17:29:38,5512.97,2017-11-23 19:11:15,0.780874093608,2017-11-22 11:30:03,2017-11-22 00:00:00,2017-11-24 00:00:00,2017-11-24 05:25:14,ET0HF000,on-time,289.98,-6.08027777778,25.6936111111
768,592,Dhenkanal,Visakhapatnam,Madapam,AP30W4599,2017-12-01 19:41:49,5825.96,2017-12-03 03:39:42,0.809479732942,2017-12-01 18:26:30,2017-12-01 00:00:00,2017-12-03 00:00:00,2017-12-03 07:30:04,ET9DG000,on-time,290.81,-10.9405555556,31.9647222222
577,586,Dhenkanal,Visakhapatnam,Chilakapalem,AP16TY8489,2017-11-27 19:24:15,14849.23,2017-11-29 03:09:27,0.286236332943,2017-11-27 17:31:37,2017-11-27 00:00:00,2017-11-29 00:00:00,2017-11-29 05:34:41,ETK1G000,on-time,296.98,-11.9488888889,31.7533333333
596,731,Dhenkanal,Visakhapatnam,Chilakapalem,OD19C7055,2017-11-27 19:22:56,10277.22,2017-11-28 19:01:22,0.573294144466,2017-11-27 18:42:01,2017-11-27 00:00:00,2017-11-29 00:00:00,2017-11-29 06:00:17,ETQ1G000,early,299.48,-12.6955555556,23.6405555556
587,663,Dhenkanal,Visakhapatnam,Chilakapalem,OD05AD2545,2017-11-21 21:34:21,8752.34,2017-11-23 03:43:44,0.481118801105,2017-11-21 19:52:57,2017-11-21 00:00:00,2017-11-23 00:00:00,2017-11-23 06:22:56,ETNDF000,early,309.5,-13.5002777778,30.1563888889
612,858,Dhenkanal,Visakhapatnam,Chilakapalem,OR19G5229,2017-11-25 15:20:32,3266.54,2017-11-26 17:53:31,0.961766015233,2017-11-25 13:52:29,2017-11-25 00:00:00,2017-11-27 00:00:00,2017-11-26 23:27:22,ETCUF000,early,311.79,-14.4186111111,26.5497222222
594,715,Dhenkanal,Visakhapatnam,Chilakapalem,OD05E2545,2017-11-21 21:44:41,8292.45,2017-11-23 07:57:02,0.666068700443,2017-11-21 20:53:16,2017-11-21 00:00:00,2017-11-23 00:00:00,2017-11-23 11:39:59,ETPDF000,on-time,312.19,-9.22138888889,34.2058333333
570,529,Dhenkanal,Visakhapatnam,Chilakapalem,AP05TA4138,2017-11-27 19:23:11,8183.46,2017-11-29 03:34:16,0.710157000331,2017-11-27 17:54:59,2017-11-27 00:00:00,2017-11-29 00:00:00,2017-11-29 06:06:26,ETO1G000,on-time,313.43,-11.8091666667,32.1847222222
600,762,Dhenkanal,Visakhapatnam,Chilakapalem,OR04L0172,2017-12-01 19:04:45,5650.55,2017-12-02 20:40:03,0.706328591148,2017-12-01 18:19:00,2017-12-01 00:00:00,2017-12-03 00:00:00,2017-12-03 04:58:27,ET6DG000,early,313.7,-13.3425,25.5883333333
582,623,Dhenkanal,Visakhapatnam,Chilakapalem,AP31TE8739,2017-11-23 21:20:05,5947.76,2017-11-25 04:41:05,0.996071097263,2017-11-23 16:23:20,2017-11-23 00:00:00,2017-11-25 00:00:00,2017-11-25 07:50:15,ETONF000,on-time,313.74,-8.55138888889,31.35
601,770,Dhenkanal,Visakhapatnam,Chilakapalem,OR05AG0121,2017-11-23 23:33:48,5770.14,2017-11-24 20:34:36,0.924333976898,2017-11-23 15:24:27,2017-11-23 00:00:00,2017-11-25 00:00:00,2017-11-25 01:35:30,ETDNF000,early,314.03,-13.8158333333,21.0133333333
574,562,Dhenkanal,Visakhapatnam,Chilakapalem,AP05V7856,2017-12-01 19:41:46,10513.16,2017-12-02 23:59:59,0.575922523993,2017-12-01 18:29:36,2017-12-01 00:00:00,2017-12-03 00:00:00,2017-12-03 03:55:20,ET8DG000,early,314.07,-14.5711111111,28.3036111111
611,850,Dhenkanal,Visakhapatnam,Chilakapalem,OR19F9475,2017-11-25 16:16:45,6088.78,2017-11-26 20:22:54,0.477691396583,2017-11-25 13:59:36,2017-11-25 00:00:00,2017-11-27 00:00:00,2017-11-27 05:00:37,ETFUF000,on-time,314.12,-8.98305555556,28.1025
606,810,Dhenkanal,Visakhapatnam,Chilakapalem,OR09F4337,2017-11-21 20:58:37,6837.98,2017-11-22 17:53:19,0.715774856745,2017-11-21 20:44:37,2017-11-21 00:00:00,2017-11-23 00:00:00,2017-11-24 05:26:08,ETMDF000,on-time,314.14,8.69194444444,20.9116666667
581,615,Dhenkanal,Visakhapatnam,Chilakapalem,AP31TE8359,2017-11-23 21:19:18,4849.01,2017-11-25 04:41:34,0.676135129684,2017-11-23 16:24:55,2017-11-23 00:00:00,2017-11-25 00:00:00,2017-11-25 07:50:45,ETPNF000,on-time,314.16,-8.56944444444,31.3711111111
599,754,Dhenkanal,Visakhapatnam,Chilakapalem,OD25C6067,2017-11-25 16:11:41,9696.31,2017-11-26 20:33:21,0.962335708184,2017-11-25 15:13:30,2017-11-25 00:00:00,2017-11-27 00:00:00,2017-11-27 04:17:06,ETPUF000,on-time,314.17,-10.94,28.3611111111
593,707,Dhenkanal,Visakhapatnam,Chilakapalem,OD05C9095,2017-11-23 19:37:56,7011.42,2017-11-26 01:50:35,0.931080005518,2017-11-23 16:26:43,2017-11-23 00:00:00,2017-11-25 00:00:00,2017-11-26 05:30:48,ETQNF000,late,314.19,13.0680555556,54.2108333333
586,655,Dhenkanal,Visakhapatnam,Chilakapalem,AP31TW4459,2017-11-24 16:52:31,7575.22,2017-11-25 05:42:47,0.537988535433,2017-11-24 15:58:31,2017-11-24 00:00:00,2017-11-26 00:00:00,2017-11-25 09:17:09,ET4RF000,early,314.22,-30.6894444444,12.8377777778
573,552,Dhenkanal,Visakhapatnam,Chilakapalem,AP05TG1315,2017-11-23 19:24:54,2956.9,2017-11-24 08:18:22,0.634357627216,2017-11-23 15:15:33,2017-11-23 00:00:00,2017-11-25 00:00:00,2017-11-24 12:43:07,ET9NF000,early,314.24,-26.5405555556,12.8911111111
615,881,Dhenkanal,Visakhapatnam,Chilakapalem,OR19P7575,2017-11-25 16:42:53,7829.43,2017-11-26 22:14:40,0.909799919728,2017-11-25 14:05:41,2017-11-25 00:00:00,2017-11-27 00:00:00,2017-11-27 09:16:48,ETJUF000,on-time,314.27,-4.81472222222,29.5297222222
588,670,Dhenkanal,Visakhapatnam,Chilakapalem,OD05AD2545,2017-11-27 20:25:38,16454.14,2017-11-29 06:34:32,0.558157936295,2017-11-27 17:59:27,2017-11-27 00:00:00,2017-11-29 00:00:00,2017-11-29 09:43:42,ETP1G000,on-time,314.28,-8.2625,34.1483333333
614,873,Dhenkanal,Visakhapatnam,Chilakapalem,OR19M1877,2017-12-04 19:56:26,6095.74,2017-12-06 10:35:14,0.764803188385,2017-12-04 17:03:43,2017-12-04 00:00:00,2017-12-06 00:00:00,2017-12-06 14:19:06,ET2LG000,on-time,314.34,-2.74361111111,38.6466666667
590,685,Dhenkanal,Visakhapatnam,Chilakapalem,OD05AD7040,2017-12-04 19:59:01,8145.73,2017-12-06 04:55:25,0.859148364687,2017-12-04 17:05:48,2017-12-04 00:00:00,2017-12-06 00:00:00,2017-12-06 06:18:37,ET3LG000,on-time,314.36,-10.7863888889,32.94
592,699,Dhenkanal,Visakhapatnam,Chilakapalem,OD05AF2711,2017-12-01 19:45:01,6105.79,2017-12-03 19:48:42,0.917034921127,2017-12-01 18:39:50,2017-12-01 00:00:00,2017-12-03 00:00:00,2017-12-03 22:59:28,ETCDG000,on-time,314.44,4.32722222222,48.0613888889
604,794,Dhenkanal,Visakhapatnam,Chilakapalem,OR05Y0479,2017-12-02 16:26:28,10302.2,2017-12-03 21:11:12,0.378444749116,2017-12-02 13:30:06,2017-12-02 00:00:00,2017-12-04 00:00:00,2017-12-04 06:15:57,ETRFG000,on-time,314.48,-7.23583333333,28.7455555556
616,889,Dhenkanal,Visakhapatnam,Chilakapalem,OR19P7575,2017-12-02 19:45:55,13144.35,2017-12-04 19:36:40,0.658367596098,2017-12-02 17:27:46,2017-12-02 00:00:00,2017-12-04 00:00:00,2017-12-04 23:36:44,ETKGG000,on-time,314.48,6.14944444444,47.8458333333
583,635,Dhenkanal,Visakhapatnam,Chilakapalem,AP31TG1179,2017-11-24 20:51:51,1060.76,2017-11-25 05:41:44,0.572416626234,2017-11-24 18:23:38,2017-11-24 00:00:00,2017-11-26 00:00:00,2017-11-25 08:40:09,ETSRF000,early,314.49,-33.7247222222,8.83138888889
584,636,Dhenkanal,Visakhapatnam,Chilakapalem,AP31TG1179,2017-11-24 20:51:51,1060.76,2017-11-25 05:41:44,0.572416626234,2017-11-24 18:23:38,2017-11-24 00:00:00,2017-11-26 00:00:00,2017-11-25 08:40:09,ETQRF000,early,314.49,-33.7247222222,8.83138888889
576,578,Dhenkanal,Visakhapatnam,Chilakapalem,AP16TG9159,2017-11-24 16:53:20,6080.0,2017-11-25 14:59:57,0.397840938144,2017-11-24 15:44:10,2017-11-24 00:00:00,2017-11-26 00:00:00,2017-11-25 20:50:26,ETVQF000,early,314.5,-18.8955555556,22.1102777778
595,723,Dhenkanal,Visakhapatnam,Chilakapalem,OD06A0121,2017-12-04 19:40:15,7399.94,2017-12-05 23:21:46,0.876066496881,2017-12-04 17:02:02,2017-12-04 00:00:00,2017-12-06 00:00:00,2017-12-06 01:37:57,ET1LG000,early,314.52,-15.4013888889,27.6919444444
585,647,Dhenkanal,Visakhapatnam,Chilakapalem,AP31TH5279,2017-11-22 16:46:58,4310.83,2017-11-23 05:19:59,0.7746267819,2017-11-22 11:28:27,2017-11-22 00:00:00,2017-11-24 00:00:00,2017-11-23 08:19:53,ETYGF000,early,314.55,-27.1427777778,12.5502777778
607,818,Dhenkanal,Visakhapatnam,Chilakapalem,OR09L2312,2017-12-02 17:38:51,7270.79,2017-12-03 21:06:36,0.893490075534,2017-12-02 13:26:29,2017-12-02 00:00:00,2017-12-04 00:00:00,2017-12-04 06:20:23,ETQFG000,on-time,314.58,-7.10166666667,27.4625
580,607,Dhenkanal,Visakhapatnam,Chilakapalem,AP31TC0679,2017-11-25 16:15:11,10259.06,2017-11-26 14:43:41,0.286919267645,2017-11-25 15:12:00,2017-11-25 00:00:00,2017-11-27 00:00:00,2017-11-26 19:08:01,ETMUF000,early,314.72,-20.0663888889,22.475
613,866,Dhenkanal,Visakhapatnam,Chilakapalem,OR19K0729,2017-11-25 15:20:42,5139.05,2017-11-26 17:53:22,0.710000391252,2017-11-25 13:56:21,2017-11-25 00:00:00,2017-11-27 00:00:00,2017-11-26 23:28:23,ETDUF000,early,314.75,-14.4661111111,26.5444444444
591,692,Dhenkanal,Visakhapatnam,Chilakapalem,OD05AE7115,2017-11-23 20:42:36,4195.48,2017-11-24 22:00:57,0.373376584413,2017-11-23 15:27:23,2017-11-23 00:00:00,2017-11-25 00:00:00,2017-11-24 23:52:47,ETENF000,early,314.78,-15.5766666667,25.3058333333
589,678,Dhenkanal,Visakhapatnam,Chilakapalem,OD05AD2545,2017-12-02 18:45:08,3936.56,2017-12-04 02:13:45,0.738573414796,2017-12-02 16:37:57,2017-12-02 00:00:00,2017-12-04 00:00:00,2017-12-04 06:11:06,ETFGG000,on-time,314.81,-10.4475,31.4769444444
571,536,Dhenkanal,Visakhapatnam,Chilakapalem,AP05TA9595,2017-12-01 19:24:17,6162.83,2017-12-02 07:55:05,0.952943607976,2017-12-01 18:37:17,2017-12-01 00:00:00,2017-12-03 00:00:00,2017-12-02 11:26:26,ETBDG000,early,314.81,-31.1808333333,12.5133333333
609,834,Dhenkanal,Visakhapatnam,Chilakapalem,OR19B9500,2017-11-22 02:01:17,5530.43,2017-11-22 14:49:33,0.843001892596,2017-11-21 20:41:04,2017-11-21 00:00:00,2017-11-23 00:00:00,2017-11-22 22:39:42,ETLDF000,early,314.87,-22.0227777778,12.8044444444
610,842,Dhenkanal,Visakhapatnam,Chilakapalem,OR19F6861,2017-12-01 19:52:27,7192.59,2017-12-02 21:57:59,0.467870809629,2017-12-01 18:25:15,2017-12-01 00:00:00,2017-12-03 00:00:00,2017-12-03 05:16:54,ET7DG000,early,314.89,-13.1391666667,26.0922222222
608,826,Dhenkanal,Visakhapatnam,Chilakapalem,OR15S5392,2017-11-24 17:34:47,5440.01,2017-11-25 20:14:25,0.544219240316,2017-11-24 16:05:28,2017-11-24 00:00:00,2017-11-26 00:00:00,2017-11-26 05:44:22,ET9RF000,on-time,314.91,-10.3516666667,26.6605555556
602,778,Dhenkanal,Visakhapatnam,Chilakapalem,OR05AG3675,2017-11-22 16:46:43,8782.04,2017-11-23 21:53:29,0.45140683093,2017-11-22 10:55:41,2017-11-22 00:00:00,2017-11-24 00:00:00,2017-11-24 05:35:04,ETSGF000,on-time,315.03,-5.34361111111,29.1127777778
598,746,Dhenkanal,Visakhapatnam,Chilakapalem,OD19J9951,2017-11-27 19:07:56,7282.0,2017-11-28 19:08:58,0.381856325524,2017-11-27 17:50:46,2017-11-27 00:00:00,2017-11-29 00:00:00,2017-11-29 06:18:59,ETN1G000,on-time,315.05,-11.5297222222,24.0172222222
579,600,Dhenkanal,Visakhapatnam,Chilakapalem,AP31TB4579,2017-11-27 19:25:34,11840.12,2017-11-28 07:57:55,0.350746271619,2017-11-27 17:37:24,2017-11-27 00:00:00,2017-11-29 00:00:00,2017-11-28 12:08:16,ETL1G000,early,315.08,-29.4855555556,12.5391666667
572,544,Dhenkanal,Visakhapatnam,Chilakapalem,AP05TD6769,2017-11-25 16:09:58,10523.34,2017-11-26 04:50:15,0.597100571317,2017-11-25 15:13:58,2017-11-25 00:00:00,2017-11-27 00:00:00,2017-11-26 07:25:15,ETQUF000,early,315.52,-31.8119444444,12.6713888889
575,570,Dhenkanal,Visakhapatnam,Chilakapalem,AP16TE6019,2017-11-21 20:58:56,10991.65,2017-11-23 05:07:59,0.417123426668,2017-11-21 20:44:13,2017-11-21 00:00:00,2017-11-23 00:00:00,2017-11-23 08:00:10,ETODF000,early,315.97,-12.7341666667,32.1508333333
605,802,Dhenkanal,Visakhapatnam,Chilakapalem,OR09D8796,2017-11-24 17:43:26,5454.63,2017-11-25 20:14:44,0.388113771726,2017-11-24 16:01:13,2017-11-24 00:00:00,2017-11-26 00:00:00,2017-11-26 05:44:40,ET6RF000,on-time,316.08,-10.2758333333,26.5216666667
597,738,Dhenkanal,Visakhapatnam,Chilakapalem,OD19J1122,2017-11-22 16:50:20,8455.6,2017-11-24 21:33:21,0.529926897458,2017-11-22 11:32:49,2017-11-22 00:00:00,2017-11-24 00:00:00,2017-11-25 01:22:05,ET6HF000,late,316.67,13.8211111111,52.7169444444
603,786,Dhenkanal,Visakhapatnam,Chilakapalem,OR05AL5559,2017-11-22 17:29:38,5539.85,2017-11-23 19:57:26,0.894840622863,2017-11-22 11:30:03,2017-11-22 00:00:00,2017-11-24 00:00:00,2017-11-24 05:25:14,ET0HF000,on-time,316.86,-6.08027777778,26.4633333333
739,732,Dhenkanal,Visakhapatnam,Laxmipuram,OD19C7055,2017-11-27 19:22:56,10295.43,2017-11-28 20:32:22,0.528408386147,2017-11-27 18:42:01,2017-11-27 00:00:00,2017-11-29 00:00:00,2017-11-29 06:00:17,ETQ1G000,early,317.69,-12.6955555556,25.1572222222
872,733,Dhenkanal,Visakhapatnam,Nathavalasa/ Vizianagaram,OD19C7055,2017-11-27 19:22:56,10295.43,2017-11-28 20:32:22,0.524677487567,2017-11-27 18:42:01,2017-11-27 00:00:00,2017-11-29 00:00:00,2017-11-29 06:00:17,ETQ1G000,early,317.69,-12.6955555556,25.1572222222
578,593,Dhenkanal,Visakhapatnam,Chilakapalem,AP30W4599,2017-12-01 19:41:49,5853.31,2017-12-03 04:28:53,0.534858089512,2017-12-01 18:26:30,2017-12-01 00:00:00,2017-12-03 00:00:00,2017-12-03 07:30:04,ET9DG000,on-time,318.16,-10.9405555556,32.7844444444
720,587,Dhenkanal,Visakhapatnam,Laxmipuram,AP16TY8489,2017-11-27 19:24:15,14887.67,2017-11-29 03:58:43,0.549078850895,2017-11-27 17:31:37,2017-11-27 00:00:00,2017-11-29 00:00:00,2017-11-29 05:34:41,ETK1G000,on-time,335.42,-11.9488888889,32.5744444444
853,588,Dhenkanal,Visakhapatnam,Nathavalasa/ Vizianagaram,AP16TY8489,2017-11-27 19:24:15,14887.67,2017-11-29 03:58:43,0.552971362194,2017-11-27 17:31:37,2017-11-27 00:00:00,2017-11-29 00:00:00,2017-11-29 05:34:41,ETK1G000,on-time,335.42,-11.9488888889,32.5744444444
730,664,Dhenkanal,Visakhapatnam,Laxmipuram,OD05AD2545,2017-11-21 21:34:21,8792.27,2017-11-23 04:52:56,0.558436171559,2017-11-21 19:52:57,2017-11-21 00:00:00,2017-11-23 00:00:00,2017-11-23 06:22:56,ETNDF000,early,349.43,-13.5002777778,31.3097222222
863,665,Dhenkanal,Visakhapatnam,Nathavalasa/ Vizianagaram,OD05AD2545,2017-11-21 21:34:21,8792.27,2017-11-23 04:52:56,0.562323771418,2017-11-21 19:52:57,2017-11-21 00:00:00,2017-11-23 00:00:00,2017-11-23 06:22:56,ETNDF000,early,349.43,-13.5002777778,31.3097222222
755,859,Dhenkanal,Visakhapatnam,Laxmipuram,OR19G5229,2017-11-25 15:20:32,3306.15,2017-11-26 18:59:03,0.872883321753,2017-11-25 13:52:29,2017-11-25 00:00:00,2017-11-27 00:00:00,2017-11-26 23:27:22,ETCUF000,early,351.4,-14.4186111111,27.6419444444
888,860,Dhenkanal,Visakhapatnam,Nathavalasa/ Vizianagaram,OR19G5229,2017-11-25 15:20:32,3306.15,2017-11-26 18:59:03,0.87682728763,2017-11-25 13:52:29,2017-11-25 00:00:00,2017-11-27 00:00:00,2017-11-26 23:27:22,ETCUF000,early,351.4,-14.4186111111,27.6419444444
737,716,Dhenkanal,Visakhapatnam,Laxmipuram,OD05E2545,2017-11-21 21:44:41,8332.36,2017-11-23 09:34:50,0.706739914017,2017-11-21 20:53:16,2017-11-21 00:00:00,2017-11-23 00:00:00,2017-11-23 11:39:59,ETPDF000,on-time,352.1,-9.22138888889,35.8358333333
870,717,Dhenkanal,Visakhapatnam,Nathavalasa/ Vizianagaram,OD05E2545,2017-11-21 21:44:41,8332.36,2017-11-23 09:34:50,0.710651828675,2017-11-21 20:53:16,2017-11-21 00:00:00,2017-11-23 00:00:00,2017-11-23 11:39:59,ETPDF000,on-time,352.1,-9.22138888889,35.8358333333
876,764,Dhenkanal,Visakhapatnam,Nathavalasa/ Vizianagaram,OR04L0172,2017-12-01 19:04:45,5690.25,2017-12-02 22:46:44,0.843132246347,2017-12-01 18:19:00,2017-12-01 00:00:00,2017-12-03 00:00:00,2017-12-03 04:58:27,ET6DG000,early,353.4,-13.3425,27.6997222222
743,763,Dhenkanal,Visakhapatnam,Laxmipuram,OR04L0172,2017-12-01 19:04:45,5690.25,2017-12-02 22:46:44,0.839193011377,2017-12-01 18:19:00,2017-12-01 00:00:00,2017-12-03 00:00:00,2017-12-03 04:58:27,ET6DG000,early,353.4,-13.3425,27.6997222222
846,531,Dhenkanal,Visakhapatnam,Nathavalasa/ Vizianagaram,AP05TA4138,2017-11-27 19:23:11,8223.45,2017-11-29 04:24:16,0.743607288363,2017-11-27 17:54:59,2017-11-27 00:00:00,2017-11-29 00:00:00,2017-11-29 06:06:26,ETO1G000,on-time,353.42,-11.8091666667,33.0180555556
713,530,Dhenkanal,Visakhapatnam,Laxmipuram,AP05TA4138,2017-11-27 19:23:11,8223.45,2017-11-29 04:24:16,0.739685680091,2017-11-27 17:54:59,2017-11-27 00:00:00,2017-11-29 00:00:00,2017-11-29 06:06:26,ETO1G000,on-time,353.42,-11.8091666667,33.0180555556
892,891,Dhenkanal,Visakhapatnam,Nathavalasa/ Vizianagaram,OR19P7575,2017-12-02 19:45:55,13183.46,2017-12-04 20:46:33,0.90900345638,2017-12-02 17:27:46,2017-12-02 00:00:00,2017-12-04 00:00:00,2017-12-04 23:36:44,ETKGG000,on-time,353.59,6.14944444444,49.0105555556
759,890,Dhenkanal,Visakhapatnam,Laxmipuram,OR19P7575,2017-12-02 19:45:55,13183.46,2017-12-04 20:46:33,0.905054463767,2017-12-02 17:27:46,2017-12-02 00:00:00,2017-12-04 00:00:00,2017-12-04 23:36:44,ETKGG000,on-time,353.59,6.14944444444,49.0105555556
882,812,Dhenkanal,Visakhapatnam,Nathavalasa/ Vizianagaram,OR09F4337,2017-11-21 20:58:37,6877.64,2017-11-23 22:39:03,0.980361755905,2017-11-21 20:44:37,2017-11-21 00:00:00,2017-11-23 00:00:00,2017-11-24 05:26:08,ETMDF000,on-time,353.8,8.69194444444,49.6738888889
749,811,Dhenkanal,Visakhapatnam,Laxmipuram,OR09F4337,2017-11-21 20:58:37,6877.64,2017-11-23 22:39:03,0.976410090955,2017-11-21 20:44:37,2017-11-21 00:00:00,2017-11-23 00:00:00,2017-11-24 05:26:08,ETMDF000,on-time,353.8,8.69194444444,49.6738888889
877,772,Dhenkanal,Visakhapatnam,Nathavalasa/ Vizianagaram,OR05AG0121,2017-11-23 23:33:48,5809.98,2017-11-24 21:52:47,0.948885660637,2017-11-23 15:24:27,2017-11-23 00:00:00,2017-11-25 00:00:00,2017-11-25 01:35:30,ETDNF000,early,353.87,-13.8158333333,22.3163888889
744,771,Dhenkanal,Visakhapatnam,Laxmipuram,OR05AG0121,2017-11-23 23:33:48,5809.98,2017-11-24 21:52:47,0.944934974193,2017-11-23 15:24:27,2017-11-23 00:00:00,2017-11-25 00:00:00,2017-11-25 01:35:30,ETDNF000,early,353.87,-13.8158333333,22.3163888889
857,617,Dhenkanal,Visakhapatnam,Nathavalasa/ Vizianagaram,AP31TE8359,2017-11-23 21:19:18,4888.74,2017-11-25 05:47:34,0.959413799908,2017-11-23 16:24:55,2017-11-23 00:00:00,2017-11-25 00:00:00,2017-11-25 07:50:45,ETPNF000,on-time,353.89,-8.56944444444,32.4711111111
724,616,Dhenkanal,Visakhapatnam,Laxmipuram,AP31TE8359,2017-11-23 21:19:18,4888.74,2017-11-25 05:47:34,0.955464227664,2017-11-23 16:24:55,2017-11-23 00:00:00,2017-11-25 00:00:00,2017-11-25 07:50:45,ETPNF000,on-time,353.89,-8.56944444444,32.4711111111
861,649,Dhenkanal,Visakhapatnam,Nathavalasa/ Vizianagaram,AP31TH5279,2017-11-22 16:46:58,4350.18,2017-11-23 06:27:42,0.820648656335,2017-11-22 11:28:27,2017-11-22 00:00:00,2017-11-24 00:00:00,2017-11-23 08:19:53,ETYGF000,early,353.9,-27.1427777778,13.6788888889
728,648,Dhenkanal,Visakhapatnam,Laxmipuram,AP31TH5279,2017-11-22 16:46:58,4350.18,2017-11-23 06:27:42,0.816705133773,2017-11-22 11:28:27,2017-11-22 00:00:00,2017-11-24 00:00:00,2017-11-23 08:19:53,ETYGF000,early,353.9,-27.1427777778,13.6788888889
723,608,Dhenkanal,Visakhapatnam,Laxmipuram,AP31TC0679,2017-11-25 16:15:11,10298.35,2017-11-26 15:55:51,0.86383419239,2017-11-25 15:12:00,2017-11-25 00:00:00,2017-11-27 00:00:00,2017-11-26 19:08:01,ETMUF000,early,354.01,-20.0663888889,23.6777777778
856,609,Dhenkanal,Visakhapatnam,Nathavalasa/ Vizianagaram,AP31TC0679,2017-11-25 16:15:11,10298.35,2017-11-26 15:55:51,0.867775554297,2017-11-25 15:12:00,2017-11-25 00:00:00,2017-11-27 00:00:00,2017-11-26 19:08:01,ETMUF000,early,354.01,-20.0663888889,23.6777777778
887,852,Dhenkanal,Visakhapatnam,Nathavalasa/ Vizianagaram,OR19F9475,2017-11-25 16:16:45,6128.68,2017-11-26 21:27:56,0.605879217778,2017-11-25 13:59:36,2017-11-25 00:00:00,2017-11-27 00:00:00,2017-11-27 05:00:37,ETFUF000,on-time,354.02,-8.98305555556,29.1863888889
754,851,Dhenkanal,Visakhapatnam,Laxmipuram,OR19F9475,2017-11-25 16:16:45,6128.68,2017-11-26 21:27:56,0.601989844819,2017-11-25 13:59:36,2017-11-25 00:00:00,2017-11-27 00:00:00,2017-11-27 05:00:37,ETFUF000,on-time,354.02,-8.98305555556,29.1863888889
747,795,Dhenkanal,Visakhapatnam,Laxmipuram,OR05Y0479,2017-12-02 16:26:28,10341.76,2017-12-03 22:14:14,0.821780518625,2017-12-02 13:30:06,2017-12-02 00:00:00,2017-12-04 00:00:00,2017-12-04 06:15:57,ETRFG000,on-time,354.04,-7.23583333333,29.7961111111
880,796,Dhenkanal,Visakhapatnam,Nathavalasa/ Vizianagaram,OR05Y0479,2017-12-02 16:26:28,10341.76,2017-12-03 22:14:14,0.825720767457,2017-12-02 13:30:06,2017-12-02 00:00:00,2017-12-04 00:00:00,2017-12-04 06:15:57,ETRFG000,on-time,354.04,-7.23583333333,29.7961111111
731,671,Dhenkanal,Visakhapatnam,Laxmipuram,OD05AD2545,2017-11-27 20:25:38,16493.95,2017-11-29 07:29:33,0.762134624671,2017-11-27 17:59:27,2017-11-27 00:00:00,2017-11-29 00:00:00,2017-11-29 09:43:42,ETP1G000,on-time,354.09,-8.2625,35.0652777778
864,672,Dhenkanal,Visakhapatnam,Nathavalasa/ Vizianagaram,OD05AD2545,2017-11-27 20:25:38,16493.95,2017-11-29 07:29:33,0.766061244571,2017-11-27 17:59:27,2017-11-27 00:00:00,2017-11-29 00:00:00,2017-11-29 09:43:42,ETP1G000,on-time,354.09,-8.2625,35.0652777778
852,580,Dhenkanal,Visakhapatnam,Nathavalasa/ Vizianagaram,AP16TG9159,2017-11-24 16:53:20,6119.6,2017-11-25 16:00:39,0.524979066483,2017-11-24 15:44:10,2017-11-24 00:00:00,2017-11-26 00:00:00,2017-11-25 20:50:26,ETVQF000,early,354.1,-18.8955555556,23.1219444444
719,579,Dhenkanal,Visakhapatnam,Laxmipuram,AP16TG9159,2017-11-24 16:53:20,6119.6,2017-11-25 16:00:39,0.52109821053,2017-11-24 15:44:10,2017-11-24 00:00:00,2017-11-26 00:00:00,2017-11-25 20:50:26,ETVQF000,early,354.1,-18.8955555556,23.1219444444
867,694,Dhenkanal,Visakhapatnam,Nathavalasa/ Vizianagaram,OD05AE7115,2017-11-23 20:42:36,4234.81,2017-11-24 23:38:47,0.883625398659,2017-11-23 15:27:23,2017-11-23 00:00:00,2017-11-25 00:00:00,2017-11-24 23:52:47,ETENF000,early,354.11,-15.5766666667,26.9363888889
734,693,Dhenkanal,Visakhapatnam,Laxmipuram,OD05AE7115,2017-11-23 20:42:36,4234.81,2017-11-24 23:38:47,0.879656407917,2017-11-23 15:27:23,2017-11-23 00:00:00,2017-11-25 00:00:00,2017-11-24 23:52:47,ETENF000,early,354.11,-15.5766666667,26.9363888889
753,843,Dhenkanal,Visakhapatnam,Laxmipuram,OR19F6861,2017-12-01 19:52:27,7231.95,2017-12-02 23:03:10,0.96644684916,2017-12-01 18:25:15,2017-12-01 00:00:00,2017-12-03 00:00:00,2017-12-03 05:16:54,ET7DG000,early,354.25,-13.1391666667,27.1786111111
886,844,Dhenkanal,Visakhapatnam,Nathavalasa/ Vizianagaram,OR19F6861,2017-12-01 19:52:27,7231.95,2017-12-02 23:03:10,0.970402235205,2017-12-01 18:25:15,2017-12-01 00:00:00,2017-12-03 00:00:00,2017-12-03 05:16:54,ET7DG000,early,354.25,-13.1391666667,27.1786111111
850,564,Dhenkanal,Visakhapatnam,Nathavalasa/ Vizianagaram,AP05V7856,2017-12-01 19:41:46,10553.36,2017-12-03 02:22:11,0.392053875931,2017-12-01 18:29:36,2017-12-01 00:00:00,2017-12-03 00:00:00,2017-12-03 03:55:20,ET8DG000,early,354.27,-14.5711111111,30.6736111111
858,625,Dhenkanal,Visakhapatnam,Nathavalasa/ Vizianagaram,AP31TE8739,2017-11-23 21:20:05,5988.29,2017-11-25 05:46:05,0.494503206465,2017-11-23 16:23:20,2017-11-23 00:00:00,2017-11-25 00:00:00,2017-11-25 07:50:15,ETONF000,on-time,354.27,-8.55138888889,32.4333333333
717,563,Dhenkanal,Visakhapatnam,Laxmipuram,AP05V7856,2017-12-01 19:41:46,10553.36,2017-12-03 02:22:11,0.388170426691,2017-12-01 18:29:36,2017-12-01 00:00:00,2017-12-03 00:00:00,2017-12-03 03:55:20,ET8DG000,early,354.27,-14.5711111111,30.6736111111
725,624,Dhenkanal,Visakhapatnam,Laxmipuram,AP31TE8739,2017-11-23 21:20:05,5988.29,2017-11-25 05:46:05,0.490619147975,2017-11-23 16:23:20,2017-11-23 00:00:00,2017-11-25 00:00:00,2017-11-25 07:50:15,ETONF000,on-time,354.27,-8.55138888889,32.4333333333
727,638,Dhenkanal,Visakhapatnam,Laxmipuram,AP31TG1179,2017-11-24 20:51:51,1100.64,2017-11-25 06:32:58,0.630226882308,2017-11-24 18:23:38,2017-11-24 00:00:00,2017-11-26 00:00:00,2017-11-25 08:40:09,ETQRF000,early,354.37,-33.7247222222,9.68527777778
860,640,Dhenkanal,Visakhapatnam,Nathavalasa/ Vizianagaram,AP31TG1179,2017-11-24 20:51:51,1100.64,2017-11-25 06:32:58,0.634119998453,2017-11-24 18:23:38,2017-11-24 00:00:00,2017-11-26 00:00:00,2017-11-25 08:40:09,ETQRF000,early,354.37,-33.7247222222,9.68527777778
859,639,Dhenkanal,Visakhapatnam,Nathavalasa/ Vizianagaram,AP31TG1179,2017-11-24 20:51:51,1100.64,2017-11-25 06:32:58,0.634119998453,2017-11-24 18:23:38,2017-11-24 00:00:00,2017-11-26 00:00:00,2017-11-25 08:40:09,ETSRF000,early,354.37,-33.7247222222,9.68527777778
726,637,Dhenkanal,Visakhapatnam,Laxmipuram,AP31TG1179,2017-11-24 20:51:51,1100.64,2017-11-25 06:32:58,0.630226882308,2017-11-24 18:23:38,2017-11-24 00:00:00,2017-11-26 00:00:00,2017-11-25 08:40:09,ETSRF000,early,354.37,-33.7247222222,9.68527777778
716,553,Dhenkanal,Visakhapatnam,Laxmipuram,AP05TG1315,2017-11-23 19:24:54,2997.04,2017-11-24 10:29:32,0.494131026263,2017-11-23 15:15:33,2017-11-23 00:00:00,2017-11-25 00:00:00,2017-11-24 12:43:07,ET9NF000,early,354.38,-26.5405555556,15.0772222222
849,554,Dhenkanal,Visakhapatnam,Nathavalasa/ Vizianagaram,AP05TG1315,2017-11-23 19:24:54,2997.04,2017-11-24 10:29:32,0.498002639339,2017-11-23 15:15:33,2017-11-23 00:00:00,2017-11-25 00:00:00,2017-11-24 12:43:07,ET9NF000,early,354.38,-26.5405555556,15.0772222222
891,883,Dhenkanal,Visakhapatnam,Nathavalasa/ Vizianagaram,OR19P7575,2017-11-25 16:42:53,7869.56,2017-11-26 23:22:51,0.653893608592,2017-11-25 14:05:41,2017-11-25 00:00:00,2017-11-27 00:00:00,2017-11-27 09:16:48,ETJUF000,on-time,354.4,-4.81472222222,30.6661111111
758,882,Dhenkanal,Visakhapatnam,Laxmipuram,OR19P7575,2017-11-25 16:42:53,7869.56,2017-11-26 23:22:51,0.649997822975,2017-11-25 14:05:41,2017-11-25 00:00:00,2017-11-27 00:00:00,2017-11-27 09:16:48,ETJUF000,on-time,354.4,-4.81472222222,30.6661111111
868,701,Dhenkanal,Visakhapatnam,Nathavalasa/ Vizianagaram,OD05AF2711,2017-12-01 19:45:01,6145.76,2017-12-03 20:40:42,0.969223407696,2017-12-01 18:39:50,2017-12-01 00:00:00,2017-12-03 00:00:00,2017-12-03 22:59:28,ETCDG000,on-time,354.41,4.32722222222,48.9280555556
890,875,Dhenkanal,Visakhapatnam,Nathavalasa/ Vizianagaram,OR19M1877,2017-12-04 19:56:26,6135.81,2017-12-06 11:41:44,0.731870810385,2017-12-04 17:03:43,2017-12-04 00:00:00,2017-12-06 00:00:00,2017-12-06 14:19:06,ET2LG000,on-time,354.41,-2.74361111111,39.755
735,700,Dhenkanal,Visakhapatnam,Laxmipuram,OD05AF2711,2017-12-01 19:45:01,6145.76,2017-12-03 20:40:42,0.965272735786,2017-12-01 18:39:50,2017-12-01 00:00:00,2017-12-03 00:00:00,2017-12-03 22:59:28,ETCDG000,on-time,354.41,4.32722222222,48.9280555556
757,874,Dhenkanal,Visakhapatnam,Laxmipuram,OR19M1877,2017-12-04 19:56:26,6135.81,2017-12-06 11:41:44,0.727953072183,2017-12-04 17:03:43,2017-12-04 00:00:00,2017-12-06 00:00:00,2017-12-06 14:19:06,ET2LG000,on-time,354.41,-2.74361111111,39.755
875,756,Dhenkanal,Visakhapatnam,Nathavalasa/ Vizianagaram,OD25C6067,2017-11-25 16:11:41,9736.59,2017-11-26 22:20:33,0.716150124239,2017-11-25 15:13:30,2017-11-25 00:00:00,2017-11-27 00:00:00,2017-11-27 04:17:06,ETPUF000,on-time,354.45,-10.94,30.1477777778
742,755,Dhenkanal,Visakhapatnam,Laxmipuram,OD25C6067,2017-11-25 16:11:41,9736.59,2017-11-26 22:20:33,0.712237426534,2017-11-25 15:13:30,2017-11-25 00:00:00,2017-11-27 00:00:00,2017-11-27 04:17:06,ETPUF000,on-time,354.45,-10.94,30.1477777778
862,657,Dhenkanal,Visakhapatnam,Nathavalasa/ Vizianagaram,AP31TW4459,2017-11-24 16:52:31,7615.48,2017-11-25 07:28:58,0.255790414536,2017-11-24 15:58:31,2017-11-24 00:00:00,2017-11-26 00:00:00,2017-11-25 09:17:09,ET4RF000,early,354.48,-30.6894444444,14.6075
729,656,Dhenkanal,Visakhapatnam,Laxmipuram,AP31TW4459,2017-11-24 16:52:31,7615.48,2017-11-25 07:28:58,0.251886371073,2017-11-24 15:58:31,2017-11-24 00:00:00,2017-11-26 00:00:00,2017-11-25 09:17:09,ET4RF000,early,354.48,-30.6894444444,14.6075
866,687,Dhenkanal,Visakhapatnam,Nathavalasa/ Vizianagaram,OD05AD7040,2017-12-04 19:59:01,8185.92,2017-12-06 06:07:25,0.70034196005,2017-12-04 17:05:48,2017-12-04 00:00:00,2017-12-06 00:00:00,2017-12-06 06:18:37,ET3LG000,on-time,354.55,-10.7863888889,34.14
733,686,Dhenkanal,Visakhapatnam,Laxmipuram,OD05AD7040,2017-12-04 19:59:01,8185.92,2017-12-06 06:07:25,0.696429974017,2017-12-04 17:05:48,2017-12-04 00:00:00,2017-12-06 00:00:00,2017-12-06 06:18:37,ET3LG000,on-time,354.55,-10.7863888889,34.14
736,708,Dhenkanal,Visakhapatnam,Laxmipuram,OD05C9095,2017-11-23 19:37:56,7051.8,2017-11-26 03:24:37,0.587202018964,2017-11-23 16:26:43,2017-11-23 00:00:00,2017-11-25 00:00:00,2017-11-26 05:30:48,ETQNF000,late,354.57,13.0680555556,55.7780555556
869,709,Dhenkanal,Visakhapatnam,Nathavalasa/ Vizianagaram,OD05C9095,2017-11-23 19:37:56,7051.8,2017-11-26 03:24:37,0.591090127162,2017-11-23 16:26:43,2017-11-23 00:00:00,2017-11-25 00:00:00,2017-11-26 05:30:48,ETQNF000,late,354.57,13.0680555556,55.7780555556
883,820,Dhenkanal,Visakhapatnam,Nathavalasa/ Vizianagaram,OR09L2312,2017-12-02 17:38:51,7310.82,2017-12-03 22:13:36,0.877900784359,2017-12-02 13:26:29,2017-12-02 00:00:00,2017-12-04 00:00:00,2017-12-04 06:20:23,ETQFG000,on-time,354.61,-7.10166666667,28.5791666667
750,819,Dhenkanal,Visakhapatnam,Laxmipuram,OR09L2312,2017-12-02 17:38:51,7310.82,2017-12-03 22:13:36,0.873956021743,2017-12-02 13:26:29,2017-12-02 00:00:00,2017-12-04 00:00:00,2017-12-04 06:20:23,ETQFG000,on-time,354.61,-7.10166666667,28.5791666667
855,602,Dhenkanal,Visakhapatnam,Nathavalasa/ Vizianagaram,AP31TB4579,2017-11-27 19:25:34,11879.71,2017-11-28 09:30:06,0.664027123846,2017-11-27 17:37:24,2017-11-27 00:00:00,2017-11-29 00:00:00,2017-11-28 12:08:16,ETL1G000,early,354.67,-29.4855555556,14.0755555556
722,601,Dhenkanal,Visakhapatnam,Laxmipuram,AP31TB4579,2017-11-27 19:25:34,11879.71,2017-11-28 09:30:06,0.660128391619,2017-11-27 17:37:24,2017-11-27 00:00:00,2017-11-29 00:00:00,2017-11-28 12:08:16,ETL1G000,early,354.67,-29.4855555556,14.0755555556
885,836,Dhenkanal,Visakhapatnam,Nathavalasa/ Vizianagaram,OR19B9500,2017-11-22 02:01:17,5570.26,2017-11-22 16:41:07,0.961907826509,2017-11-21 20:41:04,2017-11-21 00:00:00,2017-11-23 00:00:00,2017-11-22 22:39:42,ETLDF000,early,354.7,-22.0227777778,14.6638888889
752,835,Dhenkanal,Visakhapatnam,Laxmipuram,OR19B9500,2017-11-22 02:01:17,5570.26,2017-11-22 16:41:07,0.957958314237,2017-11-21 20:41:04,2017-11-21 00:00:00,2017-11-23 00:00:00,2017-11-22 22:39:42,ETLDF000,early,354.7,-22.0227777778,14.6638888889
756,867,Dhenkanal,Visakhapatnam,Laxmipuram,OR19K0729,2017-11-25 15:20:42,5179.01,2017-11-26 18:59:22,0.758094879303,2017-11-25 13:56:21,2017-11-25 00:00:00,2017-11-27 00:00:00,2017-11-26 23:28:23,ETDUF000,early,354.71,-14.4661111111,27.6444444444
889,868,Dhenkanal,Visakhapatnam,Nathavalasa/ Vizianagaram,OR19K0729,2017-11-25 15:20:42,5179.01,2017-11-26 18:59:22,0.762024563372,2017-11-25 13:56:21,2017-11-25 00:00:00,2017-11-27 00:00:00,2017-11-26 23:28:23,ETDUF000,early,354.71,-14.4661111111,27.6444444444
884,828,Dhenkanal,Visakhapatnam,Nathavalasa/ Vizianagaram,OR15S5392,2017-11-24 17:34:47,5479.97,2017-11-25 21:36:36,0.562527975352,2017-11-24 16:05:28,2017-11-24 00:00:00,2017-11-26 00:00:00,2017-11-26 05:44:22,ET9RF000,on-time,354.87,-10.3516666667,28.0302777778
751,827,Dhenkanal,Visakhapatnam,Laxmipuram,OR15S5392,2017-11-24 17:34:47,5479.97,2017-11-25 21:36:36,0.558643847998,2017-11-24 16:05:28,2017-11-24 00:00:00,2017-11-26 00:00:00,2017-11-26 05:44:22,ET9RF000,on-time,354.87,-10.3516666667,28.0302777778
732,679,Dhenkanal,Visakhapatnam,Laxmipuram,OD05AD2545,2017-12-02 18:45:08,3976.64,2017-12-04 03:19:45,0.677469244823,2017-12-02 16:37:57,2017-12-02 00:00:00,2017-12-04 00:00:00,2017-12-04 06:11:06,ETFGG000,on-time,354.89,-10.4475,32.5769444444
865,680,Dhenkanal,Visakhapatnam,Nathavalasa/ Vizianagaram,OD05AD2545,2017-12-02 18:45:08,3976.64,2017-12-04 03:19:45,0.6813810222,2017-12-02 16:37:57,2017-12-02 00:00:00,2017-12-04 00:00:00,2017-12-04 06:11:06,ETFGG000,on-time,354.89,-10.4475,32.5769444444
874,748,Dhenkanal,Visakhapatnam,Nathavalasa/ Vizianagaram,OD19J9951,2017-11-27 19:07:56,7321.93,2017-11-28 20:18:08,0.471302471292,2017-11-27 17:50:46,2017-11-27 00:00:00,2017-11-29 00:00:00,2017-11-29 06:18:59,ETN1G000,on-time,354.98,-11.5297222222,25.17
741,747,Dhenkanal,Visakhapatnam,Laxmipuram,OD19J9951,2017-11-27 19:07:56,7321.93,2017-11-28 20:18:08,0.467425538343,2017-11-27 17:50:46,2017-11-27 00:00:00,2017-11-29 00:00:00,2017-11-29 06:18:59,ETN1G000,on-time,354.98,-11.5297222222,25.17
714,537,Dhenkanal,Visakhapatnam,Laxmipuram,AP05TA9595,2017-12-01 19:24:17,6203.04,2017-12-02 09:20:14,0.7050326407,2017-12-01 18:37:17,2017-12-01 00:00:00,2017-12-03 00:00:00,2017-12-02 11:26:26,ETBDG000,early,355.02,-31.1808333333,13.9325
847,538,Dhenkanal,Visakhapatnam,Nathavalasa/ Vizianagaram,AP05TA9595,2017-12-01 19:24:17,6203.04,2017-12-02 09:20:14,0.708939218084,2017-12-01 18:37:17,2017-12-01 00:00:00,2017-12-03 00:00:00,2017-12-02 11:26:26,ETBDG000,early,355.02,-31.1808333333,13.9325
878,780,Dhenkanal,Visakhapatnam,Nathavalasa/ Vizianagaram,OR05AG3675,2017-11-22 16:46:43,8822.14,2017-11-23 22:59:29,0.380837704237,2017-11-22 10:55:41,2017-11-22 00:00:00,2017-11-24 00:00:00,2017-11-24 05:35:04,ETSGF000,on-time,355.13,-5.34361111111,30.2127777778
871,725,Dhenkanal,Visakhapatnam,Nathavalasa/ Vizianagaram,OD06A0121,2017-12-04 19:40:15,7440.55,2017-12-06 00:10:46,0.276407508912,2017-12-04 17:02:02,2017-12-04 00:00:00,2017-12-06 00:00:00,2017-12-06 01:37:57,ET1LG000,early,355.13,-15.4013888889,28.5086111111
745,779,Dhenkanal,Visakhapatnam,Laxmipuram,OR05AG3675,2017-11-22 16:46:43,8822.14,2017-11-23 22:59:29,0.376939305204,2017-11-22 10:55:41,2017-11-22 00:00:00,2017-11-24 00:00:00,2017-11-24 05:35:04,ETSGF000,on-time,355.13,-5.34361111111,30.2127777778
738,724,Dhenkanal,Visakhapatnam,Laxmipuram,OD06A0121,2017-12-04 19:40:15,7440.55,2017-12-06 00:10:46,0.272506247878,2017-12-04 17:02:02,2017-12-04 00:00:00,2017-12-06 00:00:00,2017-12-06 01:37:57,ET1LG000,early,355.13,-15.4013888889,28.5086111111
848,546,Dhenkanal,Visakhapatnam,Nathavalasa/ Vizianagaram,AP05TD6769,2017-11-25 16:09:58,10563.09,2017-11-26 05:39:15,0.867133368987,2017-11-25 15:13:58,2017-11-25 00:00:00,2017-11-27 00:00:00,2017-11-26 07:25:15,ETQUF000,early,355.27,-31.8119444444,13.4880555556
715,545,Dhenkanal,Visakhapatnam,Laxmipuram,AP05TD6769,2017-11-25 16:09:58,10563.09,2017-11-26 05:39:15,0.863187945022,2017-11-25 15:13:58,2017-11-25 00:00:00,2017-11-27 00:00:00,2017-11-26 07:25:15,ETQUF000,early,355.27,-31.8119444444,13.4880555556
718,571,Dhenkanal,Visakhapatnam,Laxmipuram,AP16TE6019,2017-11-21 20:58:56,11031.51,2017-11-23 06:17:59,0.573881045089,2017-11-21 20:44:13,2017-11-21 00:00:00,2017-11-23 00:00:00,2017-11-23 08:00:10,ETODF000,early,355.83,-12.7341666667,33.3175
851,572,Dhenkanal,Visakhapatnam,Nathavalasa/ Vizianagaram,AP16TE6019,2017-11-21 20:58:56,11031.51,2017-11-23 06:17:59,0.577770774849,2017-11-21 20:44:13,2017-11-21 00:00:00,2017-11-23 00:00:00,2017-11-23 08:00:10,ETODF000,early,355.83,-12.7341666667,33.3175
881,804,Dhenkanal,Visakhapatnam,Nathavalasa/ Vizianagaram,OR09D8796,2017-11-24 17:43:26,5494.62,2017-11-25 21:38:53,0.370449115798,2017-11-24 16:01:13,2017-11-24 00:00:00,2017-11-26 00:00:00,2017-11-26 05:44:40,ET6RF000,on-time,356.07,-10.2758333333,27.9241666667
748,803,Dhenkanal,Visakhapatnam,Laxmipuram,OR09D8796,2017-11-24 17:43:26,5494.62,2017-11-25 21:38:53,0.366567730231,2017-11-24 16:01:13,2017-11-24 00:00:00,2017-11-26 00:00:00,2017-11-26 05:44:40,ET6RF000,on-time,356.07,-10.2758333333,27.9241666667
873,740,Dhenkanal,Visakhapatnam,Nathavalasa/ Vizianagaram,OD19J1122,2017-11-22 16:50:20,8495.25,2017-11-24 22:29:21,0.902932549289,2017-11-22 11:32:49,2017-11-22 00:00:00,2017-11-24 00:00:00,2017-11-25 01:22:05,ET6HF000,late,356.32,13.8211111111,53.6502777778
740,739,Dhenkanal,Visakhapatnam,Laxmipuram,OD19J1122,2017-11-22 16:50:20,8495.25,2017-11-24 22:29:21,0.898984179528,2017-11-22 11:32:49,2017-11-22 00:00:00,2017-11-24 00:00:00,2017-11-25 01:22:05,ET6HF000,late,356.32,13.8211111111,53.6502777778
879,788,Dhenkanal,Visakhapatnam,Nathavalasa/ Vizianagaram,OR05AL5559,2017-11-22 17:29:38,5580.05,2017-11-23 22:39:39,0.676166728372,2017-11-22 11:30:03,2017-11-22 00:00:00,2017-11-24 00:00:00,2017-11-24 05:25:14,ET0HF000,on-time,357.06,-6.08027777778,29.1669444444
746,787,Dhenkanal,Visakhapatnam,Laxmipuram,OR05AL5559,2017-11-22 17:29:38,5580.05,2017-11-23 22:39:39,0.672263344046,2017-11-22 11:30:03,2017-11-22 00:00:00,2017-11-24 00:00:00,2017-11-24 05:25:14,ET0HF000,on-time,357.06,-6.08027777778,29.1669444444
721,594,Dhenkanal,Visakhapatnam,Laxmipuram,AP30W4599,2017-12-01 19:41:49,5893.55,2017-12-03 05:38:53,0.345176629153,2017-12-01 18:26:30,2017-12-01 00:00:00,2017-12-03 00:00:00,2017-12-03 07:30:04,ET9DG000,on-time,358.4,-10.9405555556,33.9511111111
854,595,Dhenkanal,Visakhapatnam,Nathavalasa/ Vizianagaram,AP30W4599,2017-12-01 19:41:49,5893.55,2017-12-03 05:38:53,0.349075785121,2017-12-01 18:26:30,2017-12-01 00:00:00,2017-12-03 00:00:00,2017-12-03 07:30:04,ET9DG000,on-time,358.4,-10.9405555556,33.9511111111
812,589,Dhenkanal,Visakhapatnam,Main Toll (Gosthani Gate) (Sheela Nagar),AP16TY8489,2017-11-27 19:24:15,14947.67,2017-11-29 05:28:04,0.941545643953,2017-11-27 17:31:37,2017-11-27 00:00:00,2017-11-29 00:00:00,2017-11-29 05:34:41,ETK1G000,on-time,395.42,-11.9488888889,34.0636111111
841,861,Dhenkanal,Visakhapatnam,Main Toll (Gosthani Gate) (Sheela Nagar),OR19G5229,2017-11-25 15:20:32,3368.54,2017-11-26 23:22:51,0.920224929516,2017-11-25 13:52:29,2017-11-25 00:00:00,2017-11-27 00:00:00,2017-11-26 23:27:22,ETCUF000,early,413.79,-14.4186111111,32.0386111111
824,718,Dhenkanal,Visakhapatnam,Main Toll (Gosthani Gate) (Sheela Nagar),OD05E2545,2017-11-21 21:44:41,8394.94,2017-11-23 11:32:59,0.769534855146,2017-11-21 20:53:16,2017-11-21 00:00:00,2017-11-23 00:00:00,2017-11-23 11:39:59,ETPDF000,on-time,414.68,-9.22138888889,37.805
845,892,Dhenkanal,Visakhapatnam,Main Toll (Gosthani Gate) (Sheela Nagar),OR19P7575,2017-12-02 19:45:55,13245.5,2017-12-04 23:28:44,0.968706132502,2017-12-02 17:27:46,2017-12-02 00:00:00,2017-12-04 00:00:00,2017-12-04 23:36:44,ETKGG000,on-time,415.63,6.14944444444,51.7136111111
829,765,Dhenkanal,Visakhapatnam,Main Toll (Gosthani Gate) (Sheela Nagar),OR04L0172,2017-12-01 19:04:45,5752.65,2017-12-03 04:47:48,0.960735903229,2017-12-01 18:19:00,2017-12-01 00:00:00,2017-12-03 00:00:00,2017-12-03 04:58:27,ET6DG000,early,415.8,-13.3425,33.7175
819,650,Dhenkanal,Visakhapatnam,Main Toll (Gosthani Gate) (Sheela Nagar),AP31TH5279,2017-11-22 16:46:58,4412.23,2017-11-23 08:12:11,0.99041012899,2017-11-22 11:28:27,2017-11-22 00:00:00,2017-11-24 00:00:00,2017-11-23 08:19:53,ETYGF000,early,415.95,-27.1427777778,15.4202777778
809,565,Dhenkanal,Visakhapatnam,Main Toll (Gosthani Gate) (Sheela Nagar),AP05V7856,2017-12-01 19:41:46,10615.26,2017-12-03 03:47:20,0.901854488563,2017-12-01 18:29:36,2017-12-01 00:00:00,2017-12-03 00:00:00,2017-12-03 03:55:20,ET8DG000,early,416.17,-14.5711111111,32.0927777778
808,555,Dhenkanal,Visakhapatnam,Main Toll (Gosthani Gate) (Sheela Nagar),AP05TG1315,2017-11-23 19:24:54,3058.89,2017-11-24 12:32:07,0.811101112555,2017-11-23 15:15:33,2017-11-23 00:00:00,2017-11-25 00:00:00,2017-11-24 12:43:07,ET9NF000,early,416.23,-26.5405555556,17.1202777778
815,618,Dhenkanal,Visakhapatnam,Main Toll (Gosthani Gate) (Sheela Nagar),AP31TE8359,2017-11-23 21:19:18,4951.12,2017-11-25 07:33:45,0.919161165982,2017-11-23 16:24:55,2017-11-23 00:00:00,2017-11-25 00:00:00,2017-11-25 07:50:45,ETPNF000,on-time,416.27,-8.56944444444,34.2408333333
811,581,Dhenkanal,Visakhapatnam,Main Toll (Gosthani Gate) (Sheela Nagar),AP16TG9159,2017-11-24 16:53:20,6181.85,2017-11-25 18:42:16,0.889932632586,2017-11-24 15:44:10,2017-11-24 00:00:00,2017-11-26 00:00:00,2017-11-25 20:50:26,ETVQF000,early,416.35,-18.8955555556,25.8155555556
816,626,Dhenkanal,Visakhapatnam,Main Toll (Gosthani Gate) (Sheela Nagar),AP31TE8739,2017-11-23 21:20:05,6050.38,2017-11-25 07:34:15,0.764642631067,2017-11-23 16:23:20,2017-11-23 00:00:00,2017-11-25 00:00:00,2017-11-25 07:50:15,ETONF000,on-time,416.36,-8.55138888889,34.2361111111
843,876,Dhenkanal,Visakhapatnam,Main Toll (Gosthani Gate) (Sheela Nagar),OR19M1877,2017-12-04 19:56:26,6197.77,2017-12-06 14:15:06,0.982538845744,2017-12-04 17:03:43,2017-12-04 00:00:00,2017-12-06 00:00:00,2017-12-06 14:19:06,ET2LG000,on-time,416.37,-2.74361111111,42.3111111111
833,797,Dhenkanal,Visakhapatnam,Main Toll (Gosthani Gate) (Sheela Nagar),OR05Y0479,2017-12-02 16:26:28,10404.2,2017-12-04 06:04:57,0.920809297979,2017-12-02 13:30:06,2017-12-02 00:00:00,2017-12-04 00:00:00,2017-12-04 06:15:57,ETRFG000,on-time,416.48,-7.23583333333,37.6413888889
835,813,Dhenkanal,Visakhapatnam,Main Toll (Gosthani Gate) (Sheela Nagar),OR09F4337,2017-11-21 20:58:37,6940.36,2017-11-24 05:20:38,0.902162752656,2017-11-21 20:44:37,2017-11-21 00:00:00,2017-11-23 00:00:00,2017-11-24 05:26:08,ETMDF000,on-time,416.52,8.69194444444,56.3669444444
823,710,Dhenkanal,Visakhapatnam,Main Toll (Gosthani Gate) (Sheela Nagar),OD05C9095,2017-11-23 19:37:56,7113.77,2017-11-26 05:16:48,0.928437288683,2017-11-23 16:26:43,2017-11-23 00:00:00,2017-11-25 00:00:00,2017-11-26 05:30:48,ETQNF000,late,416.54,13.0680555556,57.6477777778
820,658,Dhenkanal,Visakhapatnam,Main Toll (Gosthani Gate) (Sheela Nagar),AP31TW4459,2017-11-24 16:52:31,7677.58,2017-11-25 09:13:09,0.604869580968,2017-11-24 15:58:31,2017-11-24 00:00:00,2017-11-26 00:00:00,2017-11-25 09:17:09,ET4RF000,early,416.58,-30.6894444444,16.3438888889
844,884,Dhenkanal,Visakhapatnam,Main Toll (Gosthani Gate) (Sheela Nagar),OR19P7575,2017-11-25 16:42:53,7931.77,2017-11-27 01:16:02,0.853717883668,2017-11-25 14:05:41,2017-11-25 00:00:00,2017-11-27 00:00:00,2017-11-27 09:16:48,ETJUF000,on-time,416.61,-4.81472222222,32.5525
821,673,Dhenkanal,Visakhapatnam,Main Toll (Gosthani Gate) (Sheela Nagar),OD05AD2545,2017-11-27 20:25:38,16556.5,2017-11-29 09:35:42,0.730586697704,2017-11-27 17:59:27,2017-11-27 00:00:00,2017-11-29 00:00:00,2017-11-29 09:43:42,ETP1G000,on-time,416.64,-8.2625,37.1677777778
830,773,Dhenkanal,Visakhapatnam,Main Toll (Gosthani Gate) (Sheela Nagar),OR05AG0121,2017-11-23 23:33:48,5872.83,2017-11-25 01:31:00,0.868585312275,2017-11-23 15:24:27,2017-11-23 00:00:00,2017-11-25 00:00:00,2017-11-25 01:35:30,ETDNF000,early,416.72,-13.8158333333,25.9533333333
814,610,Dhenkanal,Visakhapatnam,Main Toll (Gosthani Gate) (Sheela Nagar),AP31TC0679,2017-11-25 16:15:11,10361.08,2017-11-26 18:58:03,0.667561334138,2017-11-25 15:12:00,2017-11-25 00:00:00,2017-11-27 00:00:00,2017-11-26 19:08:01,ETMUF000,early,416.74,-20.0663888889,26.7144444444
828,757,Dhenkanal,Visakhapatnam,Main Toll (Gosthani Gate) (Sheela Nagar),OD25C6067,2017-11-25 16:11:41,9798.88,2017-11-27 04:13:06,0.884083456617,2017-11-25 15:13:30,2017-11-25 00:00:00,2017-11-27 00:00:00,2017-11-27 04:17:06,ETPUF000,on-time,416.74,-10.94,36.0236111111
839,845,Dhenkanal,Visakhapatnam,Main Toll (Gosthani Gate) (Sheela Nagar),OR19F6861,2017-12-01 19:52:27,7294.51,2017-12-03 05:07:54,0.926448597653,2017-12-01 18:25:15,2017-12-01 00:00:00,2017-12-03 00:00:00,2017-12-03 05:16:54,ET7DG000,early,416.81,-13.1391666667,33.2575
818,642,Dhenkanal,Visakhapatnam,Main Toll (Gosthani Gate) (Sheela Nagar),AP31TG1179,2017-11-24 20:51:51,1163.24,2017-11-25 08:20:09,0.627633570324,2017-11-24 18:23:38,2017-11-24 00:00:00,2017-11-26 00:00:00,2017-11-25 08:40:09,ETQRF000,early,416.97,-33.7247222222,11.4716666667
817,641,Dhenkanal,Visakhapatnam,Main Toll (Gosthani Gate) (Sheela Nagar),AP31TG1179,2017-11-24 20:51:51,1163.24,2017-11-25 08:20:09,0.627633570324,2017-11-24 18:23:38,2017-11-24 00:00:00,2017-11-26 00:00:00,2017-11-25 08:40:09,ETSRF000,early,416.97,-33.7247222222,11.4716666667
836,821,Dhenkanal,Visakhapatnam,Main Toll (Gosthani Gate) (Sheela Nagar),OR09L2312,2017-12-02 17:38:51,7373.27,2017-12-04 05:57:23,0.931197836687,2017-12-02 13:26:29,2017-12-02 00:00:00,2017-12-04 00:00:00,2017-12-04 06:20:23,ETQFG000,on-time,417.06,-7.10166666667,36.3088888889
838,837,Dhenkanal,Visakhapatnam,Main Toll (Gosthani Gate) (Sheela Nagar),OR19B9500,2017-11-22 02:01:17,5632.62,2017-11-22 22:35:42,0.943534437624,2017-11-21 20:41:04,2017-11-21 00:00:00,2017-11-23 00:00:00,2017-11-22 22:39:42,ETLDF000,early,417.06,-22.0227777778,20.5736111111
825,726,Dhenkanal,Visakhapatnam,Main Toll (Gosthani Gate) (Sheela Nagar),OD06A0121,2017-12-04 19:40:15,7502.53,2017-12-06 01:31:57,0.692835868583,2017-12-04 17:02:02,2017-12-04 00:00:00,2017-12-06 00:00:00,2017-12-06 01:37:57,ET1LG000,early,417.11,-15.4013888889,29.8616666667
813,603,Dhenkanal,Visakhapatnam,Main Toll (Gosthani Gate) (Sheela Nagar),AP31TB4579,2017-11-27 19:25:34,11942.15,2017-11-28 12:03:16,0.749824701565,2017-11-27 17:37:24,2017-11-27 00:00:00,2017-11-29 00:00:00,2017-11-28 12:08:16,ETL1G000,early,417.11,-29.4855555556,16.6283333333
822,702,Dhenkanal,Visakhapatnam,Main Toll (Gosthani Gate) (Sheela Nagar),OD05AF2711,2017-12-01 19:45:01,6208.54,2017-12-03 22:52:28,0.702884606903,2017-12-01 18:39:50,2017-12-01 00:00:00,2017-12-03 00:00:00,2017-12-03 22:59:28,ETCDG000,on-time,417.19,4.32722222222,51.1241666667
842,869,Dhenkanal,Visakhapatnam,Main Toll (Gosthani Gate) (Sheela Nagar),OR19K0729,2017-11-25 15:20:42,5241.54,2017-11-26 23:23:23,0.76920590171,2017-11-25 13:56:21,2017-11-25 00:00:00,2017-11-27 00:00:00,2017-11-26 23:28:23,ETDUF000,early,417.24,-14.4661111111,32.0447222222
837,829,Dhenkanal,Visakhapatnam,Main Toll (Gosthani Gate) (Sheela Nagar),OR15S5392,2017-11-24 17:34:47,5542.52,2017-11-26 05:24:22,0.800785272223,2017-11-24 16:05:28,2017-11-24 00:00:00,2017-11-26 00:00:00,2017-11-26 05:44:22,ET9RF000,on-time,417.42,-10.3516666667,35.8263888889
827,749,Dhenkanal,Visakhapatnam,Main Toll (Gosthani Gate) (Sheela Nagar),OD19J9951,2017-11-27 19:07:56,7384.53,2017-11-29 06:15:59,0.458575945222,2017-11-27 17:50:46,2017-11-27 00:00:00,2017-11-29 00:00:00,2017-11-29 06:18:59,ETN1G000,on-time,417.58,-11.5297222222,35.1341666667
831,781,Dhenkanal,Visakhapatnam,Main Toll (Gosthani Gate) (Sheela Nagar),OR05AG3675,2017-11-22 16:46:43,8884.7,2017-11-24 05:28:04,0.516874380093,2017-11-22 10:55:41,2017-11-22 00:00:00,2017-11-24 00:00:00,2017-11-24 05:35:04,ETSGF000,on-time,417.69,-5.34361111111,36.6891666667
807,547,Dhenkanal,Visakhapatnam,Main Toll (Gosthani Gate) (Sheela Nagar),AP05TD6769,2017-11-25 16:09:58,10625.51,2017-11-26 07:11:15,0.96417229691,2017-11-25 15:13:58,2017-11-25 00:00:00,2017-11-27 00:00:00,2017-11-26 07:25:15,ETQUF000,early,417.69,-31.8119444444,15.0213888889
806,539,Dhenkanal,Visakhapatnam,Main Toll (Gosthani Gate) (Sheela Nagar),AP05TA9595,2017-12-01 19:24:17,6265.88,2017-12-02 11:14:26,0.434536376468,2017-12-01 18:37:17,2017-12-01 00:00:00,2017-12-03 00:00:00,2017-12-02 11:26:26,ETBDG000,early,417.86,-31.1808333333,15.8358333333
810,573,Dhenkanal,Visakhapatnam,Main Toll (Gosthani Gate) (Sheela Nagar),AP16TE6019,2017-11-21 20:58:56,11093.63,2017-11-23 07:48:10,0.858446055502,2017-11-21 20:44:13,2017-11-21 00:00:00,2017-11-23 00:00:00,2017-11-23 08:00:10,ETODF000,early,417.95,-12.7341666667,34.8205555556
840,853,Dhenkanal,Visakhapatnam,Main Toll (Gosthani Gate) (Sheela Nagar),OR19F9475,2017-11-25 16:16:45,6192.93,2017-11-27 04:56:37,0.904975451371,2017-11-25 13:59:36,2017-11-25 00:00:00,2017-11-27 00:00:00,2017-11-27 05:00:37,ETFUF000,on-time,418.27,-8.98305555556,36.6644444444
834,805,Dhenkanal,Visakhapatnam,Main Toll (Gosthani Gate) (Sheela Nagar),OR09D8796,2017-11-24 17:43:26,5557.25,2017-11-26 05:24:30,0.703183364832,2017-11-24 16:01:13,2017-11-24 00:00:00,2017-11-26 00:00:00,2017-11-26 05:44:40,ET6RF000,on-time,418.7,-10.2758333333,35.6844444444
826,741,Dhenkanal,Visakhapatnam,Main Toll (Gosthani Gate) (Sheela Nagar),OD19J1122,2017-11-22 16:50:20,8558.22,2017-11-25 01:14:41,0.799505277939,2017-11-22 11:32:49,2017-11-22 00:00:00,2017-11-24 00:00:00,2017-11-25 01:22:05,ET6HF000,late,419.29,13.8211111111,56.4058333333
832,789,Dhenkanal,Visakhapatnam,Main Toll (Gosthani Gate) (Sheela Nagar),OR05AL5559,2017-11-22 17:29:38,5642.56,2017-11-24 05:20:14,0.948088854888,2017-11-22 11:30:03,2017-11-22 00:00:00,2017-11-24 00:00:00,2017-11-24 05:25:14,ET0HF000,on-time,419.57,-6.08027777778,35.8433333333
